frame_path,label,confidence,notes,annotator
/home/kevin/Documents/Dev/ca-friend-foe-analysis/frames/triumph_des_willens/frame_008177.png,other,1.0,,Kevin
/home/kevin/Documents/Dev/ca-friend-foe-analysis/frames/triumph_des_willens/frame_008297.png,us,1.0,,Kevin
/home/kevin/Documents/Dev/ca-friend-foe-analysis/frames/triumph_des_willens/frame_008373.png,other,1.0,,Kevin
/home/kevin/Documents/Dev/ca-friend-foe-analysis/frames/triumph_des_willens/frame_008848.png,other,1.0,,Kevin
/home/kevin/Documents/Dev/ca-friend-foe-analysis/frames/triumph_des_willens/frame_008905.png,other,1.0,,Kevin
/home/kevin/Documents/Dev/ca-friend-foe-analysis/frames/triumph_des_willens/frame_009075.png,other,1.0,,Kevin
/home/kevin/Documents/Dev/ca-friend-foe-analysis/frames/triumph_des_willens/frame_009123.png,other,1.0,,Kevin
/home/kevin/Documents/Dev/ca-friend-foe-analysis/frames/triumph_des_willens/frame_009218.png,us,1.0,,Kevin
/home/kevin/Documents/Dev/ca-friend-foe-analysis/frames/triumph_des_willens/frame_009278.png,us,1.0,,Kevin
/home/kevin/Documents/Dev/ca-friend-foe-analysis/frames/triumph_des_willens/frame_009332.png,us,1.0,,Kevin
/home/kevin/Documents/Dev/ca-friend-foe-analysis/frames/triumph_des_willens/frame_009426.png,us,1.0,,Kevin
/home/kevin/Documents/Dev/ca-friend-foe-analysis/frames/triumph_des_willens/frame_009846.png,us,1.0,,Kevin
/home/kevin/Documents/Dev/ca-friend-foe-analysis/frames/triumph_des_willens/frame_009904.png,us,1.0,,Kevin
/home/kevin/Documents/Dev/ca-friend-foe-analysis/frames/triumph_des_willens/frame_009939.png,us,1.0,,Kevin
/home/kevin/Documents/Dev/ca-friend-foe-analysis/frames/triumph_des_willens/frame_010197.png,us,1.0,,Kevin
/home/kevin/Documents/Dev/ca-friend-foe-analysis/frames/triumph_des_willens/frame_010353.png,other,1.0,,Kevin
/home/kevin/Documents/Dev/ca-friend-foe-analysis/frames/triumph_des_willens/frame_010537.png,us,1.0,,Kevin
/home/kevin/Documents/Dev/ca-friend-foe-analysis/frames/triumph_des_willens/frame_010618.png,other,1.0,,Kevin
/home/kevin/Documents/Dev/ca-friend-foe-analysis/frames/triumph_des_willens/frame_010815.png,other,1.0,,Kevin
/home/kevin/Documents/Dev/ca-friend-foe-analysis/frames/triumph_des_willens/frame_011079.png,other,1.0,,Kevin
/home/kevin/Documents/Dev/ca-friend-foe-analysis/frames/triumph_des_willens/frame_011284.png,other,1.0,,Kevin
/home/kevin/Documents/Dev/ca-friend-foe-analysis/frames/triumph_des_willens/frame_011389.png,us,1.0,,Kevin
/home/kevin/Documents/Dev/ca-friend-foe-analysis/frames/triumph_des_willens/frame_011469.png,other,1.0,,Kevin
/home/kevin/Documents/Dev/ca-friend-foe-analysis/frames/triumph_des_willens/frame_011621.png,,1.0,,Kevin
/home/kevin/Documents/Dev/ca-friend-foe-analysis/frames/triumph_des_willens/frame_011883.png,,1.0,,Kevin
/home/kevin/Documents/Dev/ca-friend-foe-analysis/frames/triumph_des_willens/frame_011908.png,,1.0,,Kevin
/home/kevin/Documents/Dev/ca-friend-foe-analysis/frames/triumph_des_willens/frame_011956.png,,1.0,,Kevin
/home/kevin/Documents/Dev/ca-friend-foe-analysis/frames/triumph_des_willens/frame_012173.png,,1.0,,Kevin
/home/kevin/Documents/Dev/ca-friend-foe-analysis/frames/triumph_des_willens/frame_012240.png,,1.0,,Kevin
/home/kevin/Documents/Dev/ca-friend-foe-analysis/frames/triumph_des_willens/frame_012278.png,,1.0,,Kevin
/home/kevin/Documents/Dev/ca-friend-foe-analysis/frames/triumph_des_willens/frame_012563.png,,1.0,,Kevin
/home/kevin/Documents/Dev/ca-friend-foe-analysis/frames/triumph_des_willens/frame_012627.png,,1.0,,Kevin
/home/kevin/Documents/Dev/ca-friend-foe-analysis/frames/triumph_des_willens/frame_012943.png,,1.0,,Kevin
/home/kevin/Documents/Dev/ca-friend-foe-analysis/frames/triumph_des_willens/frame_013377.png,,1.0,,Kevin
/home/kevin/Documents/Dev/ca-friend-foe-analysis/frames/triumph_des_willens/frame_013792.png,,1.0,,Kevin
/home/kevin/Documents/Dev/ca-friend-foe-analysis/frames/triumph_des_willens/frame_013859.png,us,1.0,,Kevin
/home/kevin/Documents/Dev/ca-friend-foe-analysis/frames/triumph_des_willens/frame_014063.png,other,1.0,,Kevin
/home/kevin/Documents/Dev/ca-friend-foe-analysis/frames/triumph_des_willens/frame_014140.png,us,1.0,,Kevin
/home/kevin/Documents/Dev/ca-friend-foe-analysis/frames/triumph_des_willens/frame_014217.png,other,1.0,,Kevin
/home/kevin/Documents/Dev/ca-friend-foe-analysis/frames/triumph_des_willens/frame_014286.png,us,1.0,,Kevin
/home/kevin/Documents/Dev/ca-friend-foe-analysis/frames/triumph_des_willens/frame_014332.png,us,1.0,,Kevin
/home/kevin/Documents/Dev/ca-friend-foe-analysis/frames/triumph_des_willens/frame_014388.png,other,1.0,,Kevin
/home/kevin/Documents/Dev/ca-friend-foe-analysis/frames/triumph_des_willens/frame_014477.png,us,1.0,,Kevin
/home/kevin/Documents/Dev/ca-friend-foe-analysis/frames/triumph_des_willens/frame_014529.png,other,1.0,,Kevin
/home/kevin/Documents/Dev/ca-friend-foe-analysis/frames/triumph_des_willens/frame_014579.png,other,1.0,,Kevin
/home/kevin/Documents/Dev/ca-friend-foe-analysis/frames/triumph_des_willens/frame_014885.png,other,1.0,,Kevin
/home/kevin/Documents/Dev/ca-friend-foe-analysis/frames/triumph_des_willens/frame_015124.png,other,1.0,,Kevin
/home/kevin/Documents/Dev/ca-friend-foe-analysis/frames/triumph_des_willens/frame_015186.png,other,1.0,,Kevin
/home/kevin/Documents/Dev/ca-friend-foe-analysis/frames/triumph_des_willens/frame_015233.png,other,1.0,,Kevin
/home/kevin/Documents/Dev/ca-friend-foe-analysis/frames/triumph_des_willens/frame_015312.png,us,1.0,,Kevin
/home/kevin/Documents/Dev/ca-friend-foe-analysis/frames/triumph_des_willens/frame_015410.png,us,1.0,,Kevin
/home/kevin/Documents/Dev/ca-friend-foe-analysis/frames/triumph_des_willens/frame_015626.png,us,1.0,,Kevin
/home/kevin/Documents/Dev/ca-friend-foe-analysis/frames/triumph_des_willens/frame_015752.png,us,1.0,,Kevin
/home/kevin/Documents/Dev/ca-friend-foe-analysis/frames/triumph_des_willens/frame_015807.png,us,1.0,,Kevin
/home/kevin/Documents/Dev/ca-friend-foe-analysis/frames/triumph_des_willens/frame_017491.png,other,1.0,,Kevin
/home/kevin/Documents/Dev/ca-friend-foe-analysis/frames/triumph_des_willens/frame_017674.png,other,1.0,,Kevin
/home/kevin/Documents/Dev/ca-friend-foe-analysis/frames/triumph_des_willens/frame_019116.png,other,1.0,,Kevin
/home/kevin/Documents/Dev/ca-friend-foe-analysis/frames/triumph_des_willens/frame_022087.png,other,1.0,,Kevin
/home/kevin/Documents/Dev/ca-friend-foe-analysis/frames/triumph_des_willens/frame_023788.png,other,1.0,,Kevin
/home/kevin/Documents/Dev/ca-friend-foe-analysis/frames/triumph_des_willens/frame_023868.png,us,1.0,,Kevin
/home/kevin/Documents/Dev/ca-friend-foe-analysis/frames/triumph_des_willens/frame_023922.png,us,1.0,,Kevin
/home/kevin/Documents/Dev/ca-friend-foe-analysis/frames/triumph_des_willens/frame_024205.png,other,1.0,,Kevin
/home/kevin/Documents/Dev/ca-friend-foe-analysis/frames/triumph_des_willens/frame_024313.png,us,1.0,,Kevin
/home/kevin/Documents/Dev/ca-friend-foe-analysis/frames/triumph_des_willens/frame_024375.png,us,1.0,,Kevin
/home/kevin/Documents/Dev/ca-friend-foe-analysis/frames/triumph_des_willens/frame_024426.png,us,1.0,,Kevin
/home/kevin/Documents/Dev/ca-friend-foe-analysis/frames/triumph_des_willens/frame_024483.png,us,1.0,,Kevin
/home/kevin/Documents/Dev/ca-friend-foe-analysis/frames/triumph_des_willens/frame_024520.png,other,1.0,,Kevin
/home/kevin/Documents/Dev/ca-friend-foe-analysis/frames/triumph_des_willens/frame_024801.png,other,1.0,,Kevin
/home/kevin/Documents/Dev/ca-friend-foe-analysis/frames/triumph_des_willens/frame_024844.png,other,1.0,,Kevin
/home/kevin/Documents/Dev/ca-friend-foe-analysis/frames/triumph_des_willens/frame_025005.png,us,1.0,,Kevin
/home/kevin/Documents/Dev/ca-friend-foe-analysis/frames/triumph_des_willens/frame_025057.png,other,1.0,,Kevin
/home/kevin/Documents/Dev/ca-friend-foe-analysis/frames/triumph_des_willens/frame_025563.png,us,1.0,,Kevin
/home/kevin/Documents/Dev/ca-friend-foe-analysis/frames/triumph_des_willens/frame_025854.png,other,1.0,,Kevin
/home/kevin/Documents/Dev/ca-friend-foe-analysis/frames/triumph_des_willens/frame_025956.png,other,1.0,,Kevin
/home/kevin/Documents/Dev/ca-friend-foe-analysis/frames/triumph_des_willens/frame_026040.png,us,1.0,,Kevin
/home/kevin/Documents/Dev/ca-friend-foe-analysis/frames/triumph_des_willens/frame_026080.png,us,1.0,,Kevin
/home/kevin/Documents/Dev/ca-friend-foe-analysis/frames/triumph_des_willens/frame_026364.png,other,1.0,,Kevin
/home/kevin/Documents/Dev/ca-friend-foe-analysis/frames/triumph_des_willens/frame_026419.png,other,1.0,,Kevin
/home/kevin/Documents/Dev/ca-friend-foe-analysis/frames/triumph_des_willens/frame_026482.png,other,1.0,,Kevin
/home/kevin/Documents/Dev/ca-friend-foe-analysis/frames/triumph_des_willens/frame_026660.png,other,1.0,,Kevin
/home/kevin/Documents/Dev/ca-friend-foe-analysis/frames/triumph_des_willens/frame_026913.png,other,1.0,,Kevin
/home/kevin/Documents/Dev/ca-friend-foe-analysis/frames/triumph_des_willens/frame_026951.png,us,1.0,,Kevin
/home/kevin/Documents/Dev/ca-friend-foe-analysis/frames/triumph_des_willens/frame_027019.png,us,1.0,,Kevin
/home/kevin/Documents/Dev/ca-friend-foe-analysis/frames/triumph_des_willens/frame_027113.png,other,1.0,,Kevin
/home/kevin/Documents/Dev/ca-friend-foe-analysis/frames/triumph_des_willens/frame_027171.png,us,1.0,,Kevin
/home/kevin/Documents/Dev/ca-friend-foe-analysis/frames/triumph_des_willens/frame_027299.png,us,1.0,,Kevin
/home/kevin/Documents/Dev/ca-friend-foe-analysis/frames/triumph_des_willens/frame_027332.png,other,1.0,,Kevin
/home/kevin/Documents/Dev/ca-friend-foe-analysis/frames/triumph_des_willens/frame_027536.png,us,1.0,,Kevin
/home/kevin/Documents/Dev/ca-friend-foe-analysis/frames/triumph_des_willens/frame_027741.png,other,1.0,,Kevin
/home/kevin/Documents/Dev/ca-friend-foe-analysis/frames/triumph_des_willens/frame_027839.png,other,1.0,,Kevin
/home/kevin/Documents/Dev/ca-friend-foe-analysis/frames/triumph_des_willens/frame_028149.png,us,1.0,,Kevin
/home/kevin/Documents/Dev/ca-friend-foe-analysis/frames/triumph_des_willens/frame_028219.png,other,1.0,,Kevin
/home/kevin/Documents/Dev/ca-friend-foe-analysis/frames/triumph_des_willens/frame_028267.png,other,1.0,,Kevin
/home/kevin/Documents/Dev/ca-friend-foe-analysis/frames/triumph_des_willens/frame_028318.png,us,1.0,,Kevin
/home/kevin/Documents/Dev/ca-friend-foe-analysis/frames/triumph_des_willens/frame_028368.png,us,1.0,,Kevin
/home/kevin/Documents/Dev/ca-friend-foe-analysis/frames/triumph_des_willens/frame_028438.png,us,1.0,,Kevin
/home/kevin/Documents/Dev/ca-friend-foe-analysis/frames/triumph_des_willens/frame_028486.png,us,1.0,,Kevin
/home/kevin/Documents/Dev/ca-friend-foe-analysis/frames/triumph_des_willens/frame_028527.png,other,1.0,,Kevin
/home/kevin/Documents/Dev/ca-friend-foe-analysis/frames/triumph_des_willens/frame_028563.png,us,1.0,,Kevin
/home/kevin/Documents/Dev/ca-friend-foe-analysis/frames/triumph_des_willens/frame_028603.png,us,1.0,,Kevin
/home/kevin/Documents/Dev/ca-friend-foe-analysis/frames/triumph_des_willens/frame_028745.png,other,1.0,,Kevin
/home/kevin/Documents/Dev/ca-friend-foe-analysis/frames/triumph_des_willens/frame_028828.png,other,1.0,,Kevin
/home/kevin/Documents/Dev/ca-friend-foe-analysis/frames/triumph_des_willens/frame_028909.png,other,1.0,,Kevin
/home/kevin/Documents/Dev/ca-friend-foe-analysis/frames/triumph_des_willens/frame_029059.png,other,1.0,,Kevin
/home/kevin/Documents/Dev/ca-friend-foe-analysis/frames/triumph_des_willens/frame_029154.png,other,1.0,,Kevin
/home/kevin/Documents/Dev/ca-friend-foe-analysis/frames/triumph_des_willens/frame_029427.png,other,1.0,,Kevin
/home/kevin/Documents/Dev/ca-friend-foe-analysis/frames/triumph_des_willens/frame_029492.png,other,1.0,,Kevin
/home/kevin/Documents/Dev/ca-friend-foe-analysis/frames/triumph_des_willens/frame_029540.png,other,1.0,,Kevin
/home/kevin/Documents/Dev/ca-friend-foe-analysis/frames/triumph_des_willens/frame_029640.png,other,1.0,,Kevin
/home/kevin/Documents/Dev/ca-friend-foe-analysis/frames/triumph_des_willens/frame_029715.png,other,1.0,,Kevin
/home/kevin/Documents/Dev/ca-friend-foe-analysis/frames/triumph_des_willens/frame_029782.png,other,1.0,,Kevin
/home/kevin/Documents/Dev/ca-friend-foe-analysis/frames/triumph_des_willens/frame_029826.png,other,1.0,,Kevin
/home/kevin/Documents/Dev/ca-friend-foe-analysis/frames/triumph_des_willens/frame_029877.png,other,1.0,,Kevin
/home/kevin/Documents/Dev/ca-friend-foe-analysis/frames/triumph_des_willens/frame_029934.png,other,1.0,,Kevin
/home/kevin/Documents/Dev/ca-friend-foe-analysis/frames/triumph_des_willens/frame_029962.png,other,1.0,,Kevin
/home/kevin/Documents/Dev/ca-friend-foe-analysis/frames/triumph_des_willens/frame_030109.png,other,1.0,,Kevin
/home/kevin/Documents/Dev/ca-friend-foe-analysis/frames/triumph_des_willens/frame_030147.png,other,1.0,,Kevin
/home/kevin/Documents/Dev/ca-friend-foe-analysis/frames/triumph_des_willens/frame_030211.png,other,1.0,,Kevin
/home/kevin/Documents/Dev/ca-friend-foe-analysis/frames/triumph_des_willens/frame_030247.png,other,1.0,,Kevin
/home/kevin/Documents/Dev/ca-friend-foe-analysis/frames/triumph_des_willens/frame_030343.png,other,1.0,,Kevin
/home/kevin/Documents/Dev/ca-friend-foe-analysis/frames/triumph_des_willens/frame_030414.png,other,1.0,,Kevin
/home/kevin/Documents/Dev/ca-friend-foe-analysis/frames/triumph_des_willens/frame_030546.png,other,1.0,,Kevin
/home/kevin/Documents/Dev/ca-friend-foe-analysis/frames/triumph_des_willens/frame_030575.png,other,1.0,,Kevin
/home/kevin/Documents/Dev/ca-friend-foe-analysis/frames/triumph_des_willens/frame_030622.png,us,1.0,,Kevin
/home/kevin/Documents/Dev/ca-friend-foe-analysis/frames/triumph_des_willens/frame_030692.png,us,1.0,,Kevin
/home/kevin/Documents/Dev/ca-friend-foe-analysis/frames/triumph_des_willens/frame_030755.png,us,1.0,,Kevin
/home/kevin/Documents/Dev/ca-friend-foe-analysis/frames/triumph_des_willens/frame_030788.png,us,1.0,,Kevin
/home/kevin/Documents/Dev/ca-friend-foe-analysis/frames/triumph_des_willens/frame_030875.png,other,1.0,,Kevin
/home/kevin/Documents/Dev/ca-friend-foe-analysis/frames/triumph_des_willens/frame_031079.png,us,1.0,,Kevin
/home/kevin/Documents/Dev/ca-friend-foe-analysis/frames/triumph_des_willens/frame_031141.png,other,1.0,,Kevin
/home/kevin/Documents/Dev/ca-friend-foe-analysis/frames/triumph_des_willens/frame_031258.png,us,1.0,,Kevin
/home/kevin/Documents/Dev/ca-friend-foe-analysis/frames/triumph_des_willens/frame_031310.png,us,1.0,,Kevin
/home/kevin/Documents/Dev/ca-friend-foe-analysis/frames/triumph_des_willens/frame_031358.png,us,1.0,,Kevin
/home/kevin/Documents/Dev/ca-friend-foe-analysis/frames/triumph_des_willens/frame_031455.png,us,1.0,,Kevin
/home/kevin/Documents/Dev/ca-friend-foe-analysis/frames/triumph_des_willens/frame_031489.png,us,1.0,,Kevin
/home/kevin/Documents/Dev/ca-friend-foe-analysis/frames/triumph_des_willens/frame_031540.png,us,1.0,,Kevin
/home/kevin/Documents/Dev/ca-friend-foe-analysis/frames/triumph_des_willens/frame_031601.png,us,1.0,,Kevin
/home/kevin/Documents/Dev/ca-friend-foe-analysis/frames/triumph_des_willens/frame_031644.png,us,1.0,,Kevin
/home/kevin/Documents/Dev/ca-friend-foe-analysis/frames/triumph_des_willens/frame_031696.png,us,1.0,,Kevin
/home/kevin/Documents/Dev/ca-friend-foe-analysis/frames/triumph_des_willens/frame_031748.png,us,1.0,,Kevin
/home/kevin/Documents/Dev/ca-friend-foe-analysis/frames/triumph_des_willens/frame_031806.png,us,1.0,,Kevin
/home/kevin/Documents/Dev/ca-friend-foe-analysis/frames/triumph_des_willens/frame_032037.png,other,1.0,,Kevin
/home/kevin/Documents/Dev/ca-friend-foe-analysis/frames/triumph_des_willens/frame_032090.png,us,1.0,,Kevin
/home/kevin/Documents/Dev/ca-friend-foe-analysis/frames/triumph_des_willens/frame_032170.png,other,1.0,,Kevin
/home/kevin/Documents/Dev/ca-friend-foe-analysis/frames/triumph_des_willens/frame_032219.png,other,1.0,,Kevin
/home/kevin/Documents/Dev/ca-friend-foe-analysis/frames/triumph_des_willens/frame_032321.png,other,1.0,,Kevin
/home/kevin/Documents/Dev/ca-friend-foe-analysis/frames/triumph_des_willens/frame_032430.png,other,1.0,,Kevin
/home/kevin/Documents/Dev/ca-friend-foe-analysis/frames/triumph_des_willens/frame_032537.png,other,1.0,,Kevin
/home/kevin/Documents/Dev/ca-friend-foe-analysis/frames/triumph_des_willens/frame_032660.png,us,1.0,,Kevin
/home/kevin/Documents/Dev/ca-friend-foe-analysis/frames/triumph_des_willens/frame_032806.png,us,1.0,,Kevin
/home/kevin/Documents/Dev/ca-friend-foe-analysis/frames/triumph_des_willens/frame_032842.png,us,1.0,,Kevin
/home/kevin/Documents/Dev/ca-friend-foe-analysis/frames/triumph_des_willens/frame_032994.png,other,1.0,,Kevin
/home/kevin/Documents/Dev/ca-friend-foe-analysis/frames/triumph_des_willens/frame_033027.png,other,1.0,,Kevin
/home/kevin/Documents/Dev/ca-friend-foe-analysis/frames/triumph_des_willens/frame_033227.png,other,1.0,,Kevin
/home/kevin/Documents/Dev/ca-friend-foe-analysis/frames/triumph_des_willens/frame_033674.png,other,1.0,,Kevin
/home/kevin/Documents/Dev/ca-friend-foe-analysis/frames/triumph_des_willens/frame_033857.png,us,1.0,,Kevin
/home/kevin/Documents/Dev/ca-friend-foe-analysis/frames/triumph_des_willens/frame_033889.png,us,1.0,,Kevin
/home/kevin/Documents/Dev/ca-friend-foe-analysis/frames/triumph_des_willens/frame_034045.png,us,1.0,,Kevin
/home/kevin/Documents/Dev/ca-friend-foe-analysis/frames/triumph_des_willens/frame_034080.png,us,1.0,,Kevin
/home/kevin/Documents/Dev/ca-friend-foe-analysis/frames/triumph_des_willens/frame_034294.png,other,1.0,,Kevin
/home/kevin/Documents/Dev/ca-friend-foe-analysis/frames/triumph_des_willens/frame_034377.png,us,1.0,,Kevin
/home/kevin/Documents/Dev/ca-friend-foe-analysis/frames/triumph_des_willens/frame_034786.png,us,1.0,,Kevin
/home/kevin/Documents/Dev/ca-friend-foe-analysis/frames/triumph_des_willens/frame_035154.png,other,1.0,,Kevin
/home/kevin/Documents/Dev/ca-friend-foe-analysis/frames/triumph_des_willens/frame_035230.png,other,1.0,,Kevin
/home/kevin/Documents/Dev/ca-friend-foe-analysis/frames/triumph_des_willens/frame_035297.png,other,1.0,,Kevin
/home/kevin/Documents/Dev/ca-friend-foe-analysis/frames/triumph_des_willens/frame_035936.png,other,1.0,,Kevin
/home/kevin/Documents/Dev/ca-friend-foe-analysis/frames/triumph_des_willens/frame_036010.png,other,1.0,,Kevin
/home/kevin/Documents/Dev/ca-friend-foe-analysis/frames/triumph_des_willens/frame_036149.png,us,1.0,,Kevin
/home/kevin/Documents/Dev/ca-friend-foe-analysis/frames/triumph_des_willens/frame_036283.png,other,1.0,,Kevin
/home/kevin/Documents/Dev/ca-friend-foe-analysis/frames/triumph_des_willens/frame_036384.png,us,1.0,,Kevin
/home/kevin/Documents/Dev/ca-friend-foe-analysis/frames/triumph_des_willens/frame_036697.png,other,1.0,,Kevin
/home/kevin/Documents/Dev/ca-friend-foe-analysis/frames/triumph_des_willens/frame_036792.png,us,1.0,,Kevin
/home/kevin/Documents/Dev/ca-friend-foe-analysis/frames/triumph_des_willens/frame_037099.png,us,1.0,,Kevin
/home/kevin/Documents/Dev/ca-friend-foe-analysis/frames/triumph_des_willens/frame_037142.png,us,1.0,,Kevin
/home/kevin/Documents/Dev/ca-friend-foe-analysis/frames/triumph_des_willens/frame_037185.png,other,1.0,,Kevin
/home/kevin/Documents/Dev/ca-friend-foe-analysis/frames/triumph_des_willens/frame_037223.png,us,1.0,,Kevin
/home/kevin/Documents/Dev/ca-friend-foe-analysis/frames/triumph_des_willens/frame_037261.png,us,1.0,,Kevin
/home/kevin/Documents/Dev/ca-friend-foe-analysis/frames/triumph_des_willens/frame_037282.png,other,1.0,,Kevin
/home/kevin/Documents/Dev/ca-friend-foe-analysis/frames/triumph_des_willens/frame_037349.png,us,1.0,,Kevin
/home/kevin/Documents/Dev/ca-friend-foe-analysis/frames/triumph_des_willens/frame_037415.png,us,1.0,,Kevin
/home/kevin/Documents/Dev/ca-friend-foe-analysis/frames/triumph_des_willens/frame_037485.png,other,1.0,,Kevin
/home/kevin/Documents/Dev/ca-friend-foe-analysis/frames/triumph_des_willens/frame_037561.png,other,1.0,,Kevin
/home/kevin/Documents/Dev/ca-friend-foe-analysis/frames/triumph_des_willens/frame_037895.png,us,1.0,,Kevin
/home/kevin/Documents/Dev/ca-friend-foe-analysis/frames/triumph_des_willens/frame_037930.png,us,1.0,,Kevin
/home/kevin/Documents/Dev/ca-friend-foe-analysis/frames/triumph_des_willens/frame_038078.png,us,1.0,,Kevin
/home/kevin/Documents/Dev/ca-friend-foe-analysis/frames/triumph_des_willens/frame_038195.png,us,1.0,,Kevin
/home/kevin/Documents/Dev/ca-friend-foe-analysis/frames/triumph_des_willens/frame_038268.png,us,1.0,,Kevin
/home/kevin/Documents/Dev/ca-friend-foe-analysis/frames/triumph_des_willens/frame_038338.png,us,1.0,,Kevin
/home/kevin/Documents/Dev/ca-friend-foe-analysis/frames/triumph_des_willens/frame_038450.png,us,1.0,,Kevin
/home/kevin/Documents/Dev/ca-friend-foe-analysis/frames/triumph_des_willens/frame_038652.png,us,1.0,,Kevin
/home/kevin/Documents/Dev/ca-friend-foe-analysis/frames/triumph_des_willens/frame_038790.png,us,1.0,,Kevin
/home/kevin/Documents/Dev/ca-friend-foe-analysis/frames/triumph_des_willens/frame_038863.png,us,1.0,,Kevin
/home/kevin/Documents/Dev/ca-friend-foe-analysis/frames/triumph_des_willens/frame_038945.png,us,1.0,,Kevin
/home/kevin/Documents/Dev/ca-friend-foe-analysis/frames/triumph_des_willens/frame_039152.png,us,1.0,,Kevin
/home/kevin/Documents/Dev/ca-friend-foe-analysis/frames/triumph_des_willens/frame_039199.png,us,1.0,,Kevin
/home/kevin/Documents/Dev/ca-friend-foe-analysis/frames/triumph_des_willens/frame_039496.png,us,1.0,,Kevin
/home/kevin/Documents/Dev/ca-friend-foe-analysis/frames/triumph_des_willens/frame_039565.png,us,1.0,,Kevin
/home/kevin/Documents/Dev/ca-friend-foe-analysis/frames/triumph_des_willens/frame_039707.png,us,1.0,,Kevin
/home/kevin/Documents/Dev/ca-friend-foe-analysis/frames/triumph_des_willens/frame_039773.png,us,1.0,,Kevin
/home/kevin/Documents/Dev/ca-friend-foe-analysis/frames/triumph_des_willens/frame_040034.png,us,1.0,,Kevin
/home/kevin/Documents/Dev/ca-friend-foe-analysis/frames/triumph_des_willens/frame_040173.png,us,1.0,,Kevin
/home/kevin/Documents/Dev/ca-friend-foe-analysis/frames/triumph_des_willens/frame_040234.png,us,1.0,,Kevin
/home/kevin/Documents/Dev/ca-friend-foe-analysis/frames/triumph_des_willens/frame_040290.png,us,1.0,,Kevin
/home/kevin/Documents/Dev/ca-friend-foe-analysis/frames/triumph_des_willens/frame_040427.png,us,1.0,,Kevin
/home/kevin/Documents/Dev/ca-friend-foe-analysis/frames/triumph_des_willens/frame_040701.png,us,1.0,,Kevin
/home/kevin/Documents/Dev/ca-friend-foe-analysis/frames/triumph_des_willens/frame_040997.png,us,1.0,,Kevin
/home/kevin/Documents/Dev/ca-friend-foe-analysis/frames/triumph_des_willens/frame_041049.png,us,1.0,,Kevin
/home/kevin/Documents/Dev/ca-friend-foe-analysis/frames/triumph_des_willens/frame_041077.png,us,1.0,,Kevin
/home/kevin/Documents/Dev/ca-friend-foe-analysis/frames/triumph_des_willens/frame_041165.png,us,1.0,,Kevin
/home/kevin/Documents/Dev/ca-friend-foe-analysis/frames/triumph_des_willens/frame_041884.png,us,1.0,,Kevin
/home/kevin/Documents/Dev/ca-friend-foe-analysis/frames/triumph_des_willens/frame_043864.png,us,1.0,,Kevin
/home/kevin/Documents/Dev/ca-friend-foe-analysis/frames/triumph_des_willens/frame_044203.png,us,1.0,,Kevin
/home/kevin/Documents/Dev/ca-friend-foe-analysis/frames/triumph_des_willens/frame_044879.png,us,1.0,,Kevin
/home/kevin/Documents/Dev/ca-friend-foe-analysis/frames/triumph_des_willens/frame_045737.png,us,1.0,,Kevin
/home/kevin/Documents/Dev/ca-friend-foe-analysis/frames/triumph_des_willens/frame_046188.png,us,1.0,,Kevin
/home/kevin/Documents/Dev/ca-friend-foe-analysis/frames/triumph_des_willens/frame_046715.png,us,1.0,,Kevin
/home/kevin/Documents/Dev/ca-friend-foe-analysis/frames/triumph_des_willens/frame_047216.png,us,1.0,,Kevin
/home/kevin/Documents/Dev/ca-friend-foe-analysis/frames/triumph_des_willens/frame_047457.png,us,1.0,,Kevin
/home/kevin/Documents/Dev/ca-friend-foe-analysis/frames/triumph_des_willens/frame_047794.png,us,1.0,,Kevin
/home/kevin/Documents/Dev/ca-friend-foe-analysis/frames/triumph_des_willens/frame_048513.png,us,1.0,,Kevin
/home/kevin/Documents/Dev/ca-friend-foe-analysis/frames/triumph_des_willens/frame_049519.png,us,1.0,,Kevin
/home/kevin/Documents/Dev/ca-friend-foe-analysis/frames/triumph_des_willens/frame_049547.png,us,1.0,,Kevin
/home/kevin/Documents/Dev/ca-friend-foe-analysis/frames/triumph_des_willens/frame_050029.png,us,1.0,,Kevin
/home/kevin/Documents/Dev/ca-friend-foe-analysis/frames/triumph_des_willens/frame_050227.png,us,1.0,,Kevin
/home/kevin/Documents/Dev/ca-friend-foe-analysis/frames/triumph_des_willens/frame_050545.png,other,1.0,,Kevin
/home/kevin/Documents/Dev/ca-friend-foe-analysis/frames/triumph_des_willens/frame_050822.png,other,1.0,,Kevin
/home/kevin/Documents/Dev/ca-friend-foe-analysis/frames/triumph_des_willens/frame_050888.png,other,1.0,,Kevin
/home/kevin/Documents/Dev/ca-friend-foe-analysis/frames/triumph_des_willens/frame_050995.png,us,1.0,,Kevin
/home/kevin/Documents/Dev/ca-friend-foe-analysis/frames/triumph_des_willens/frame_051057.png,us,1.0,,Kevin
/home/kevin/Documents/Dev/ca-friend-foe-analysis/frames/triumph_des_willens/frame_051109.png,us,1.0,,Kevin
/home/kevin/Documents/Dev/ca-friend-foe-analysis/frames/triumph_des_willens/frame_051192.png,us,1.0,,Kevin
/home/kevin/Documents/Dev/ca-friend-foe-analysis/frames/triumph_des_willens/frame_051309.png,us,1.0,,Kevin
/home/kevin/Documents/Dev/ca-friend-foe-analysis/frames/triumph_des_willens/frame_051383.png,us,1.0,,Kevin
/home/kevin/Documents/Dev/ca-friend-foe-analysis/frames/triumph_des_willens/frame_051413.png,us,1.0,,Kevin
/home/kevin/Documents/Dev/ca-friend-foe-analysis/frames/triumph_des_willens/frame_051660.png,us,1.0,,Kevin
/home/kevin/Documents/Dev/ca-friend-foe-analysis/frames/triumph_des_willens/frame_051682.png,us,1.0,,Kevin
/home/kevin/Documents/Dev/ca-friend-foe-analysis/frames/triumph_des_willens/frame_051832.png,us,1.0,,Kevin
/home/kevin/Documents/Dev/ca-friend-foe-analysis/frames/triumph_des_willens/frame_051874.png,us,1.0,,Kevin
/home/kevin/Documents/Dev/ca-friend-foe-analysis/frames/triumph_des_willens/frame_051921.png,us,1.0,,Kevin
/home/kevin/Documents/Dev/ca-friend-foe-analysis/frames/triumph_des_willens/frame_051954.png,us,1.0,,Kevin
/home/kevin/Documents/Dev/ca-friend-foe-analysis/frames/triumph_des_willens/frame_052087.png,us,1.0,,Kevin
/home/kevin/Documents/Dev/ca-friend-foe-analysis/frames/triumph_des_willens/frame_052143.png,us,1.0,,Kevin
/home/kevin/Documents/Dev/ca-friend-foe-analysis/frames/triumph_des_willens/frame_052207.png,us,1.0,,Kevin
/home/kevin/Documents/Dev/ca-friend-foe-analysis/frames/triumph_des_willens/frame_052258.png,us,1.0,,Kevin
/home/kevin/Documents/Dev/ca-friend-foe-analysis/frames/triumph_des_willens/frame_052307.png,us,1.0,,Kevin
/home/kevin/Documents/Dev/ca-friend-foe-analysis/frames/triumph_des_willens/frame_052360.png,us,1.0,,Kevin
/home/kevin/Documents/Dev/ca-friend-foe-analysis/frames/triumph_des_willens/frame_052402.png,us,1.0,,Kevin
/home/kevin/Documents/Dev/ca-friend-foe-analysis/frames/triumph_des_willens/frame_052614.png,other,1.0,,Kevin
/home/kevin/Documents/Dev/ca-friend-foe-analysis/frames/triumph_des_willens/frame_052650.png,other,1.0,,Kevin
/home/kevin/Documents/Dev/ca-friend-foe-analysis/frames/triumph_des_willens/frame_052795.png,other,1.0,,Kevin
/home/kevin/Documents/Dev/ca-friend-foe-analysis/frames/triumph_des_willens/frame_052867.png,us,1.0,,Kevin
/home/kevin/Documents/Dev/ca-friend-foe-analysis/frames/triumph_des_willens/frame_053045.png,other,1.0,,Kevin
/home/kevin/Documents/Dev/ca-friend-foe-analysis/frames/triumph_des_willens/frame_053096.png,us,1.0,,Kevin
/home/kevin/Documents/Dev/ca-friend-foe-analysis/frames/triumph_des_willens/frame_053212.png,us,1.0,,Kevin
/home/kevin/Documents/Dev/ca-friend-foe-analysis/frames/triumph_des_willens/frame_054106.png,us,1.0,,Kevin
/home/kevin/Documents/Dev/ca-friend-foe-analysis/frames/triumph_des_willens/frame_054170.png,us,1.0,,Kevin
/home/kevin/Documents/Dev/ca-friend-foe-analysis/frames/triumph_des_willens/frame_054789.png,us,1.0,,Kevin
/home/kevin/Documents/Dev/ca-friend-foe-analysis/frames/triumph_des_willens/frame_054927.png,us,1.0,,Kevin
/home/kevin/Documents/Dev/ca-friend-foe-analysis/frames/triumph_des_willens/frame_055169.png,us,1.0,,Kevin
/home/kevin/Documents/Dev/ca-friend-foe-analysis/frames/triumph_des_willens/frame_055246.png,other,1.0,,Kevin
/home/kevin/Documents/Dev/ca-friend-foe-analysis/frames/triumph_des_willens/frame_055369.png,other,1.0,,Kevin
/home/kevin/Documents/Dev/ca-friend-foe-analysis/frames/triumph_des_willens/frame_055412.png,other,1.0,,Kevin
/home/kevin/Documents/Dev/ca-friend-foe-analysis/frames/triumph_des_willens/frame_055461.png,us,1.0,,Kevin
/home/kevin/Documents/Dev/ca-friend-foe-analysis/frames/triumph_des_willens/frame_055892.png,other,1.0,,Kevin
/home/kevin/Documents/Dev/ca-friend-foe-analysis/frames/triumph_des_willens/frame_055991.png,us,1.0,,Kevin
/home/kevin/Documents/Dev/ca-friend-foe-analysis/frames/triumph_des_willens/frame_056139.png,us,1.0,,Kevin
/home/kevin/Documents/Dev/ca-friend-foe-analysis/frames/triumph_des_willens/frame_056215.png,other,1.0,,Kevin
/home/kevin/Documents/Dev/ca-friend-foe-analysis/frames/triumph_des_willens/frame_056265.png,other,1.0,,Kevin
/home/kevin/Documents/Dev/ca-friend-foe-analysis/frames/triumph_des_willens/frame_056431.png,us,1.0,,Kevin
/home/kevin/Documents/Dev/ca-friend-foe-analysis/frames/triumph_des_willens/frame_056601.png,us,1.0,,Kevin
/home/kevin/Documents/Dev/ca-friend-foe-analysis/frames/triumph_des_willens/frame_056721.png,us,1.0,,Kevin
/home/kevin/Documents/Dev/ca-friend-foe-analysis/frames/triumph_des_willens/frame_056782.png,other,1.0,,Kevin
/home/kevin/Documents/Dev/ca-friend-foe-analysis/frames/triumph_des_willens/frame_056831.png,other,1.0,,Kevin
/home/kevin/Documents/Dev/ca-friend-foe-analysis/frames/triumph_des_willens/frame_056873.png,us,1.0,,Kevin
/home/kevin/Documents/Dev/ca-friend-foe-analysis/frames/triumph_des_willens/frame_056936.png,us,1.0,,Kevin
/home/kevin/Documents/Dev/ca-friend-foe-analysis/frames/triumph_des_willens/frame_057381.png,us,1.0,,Kevin
/home/kevin/Documents/Dev/ca-friend-foe-analysis/frames/triumph_des_willens/frame_057457.png,us,1.0,,Kevin
/home/kevin/Documents/Dev/ca-friend-foe-analysis/frames/triumph_des_willens/frame_057554.png,us,1.0,,Kevin
/home/kevin/Documents/Dev/ca-friend-foe-analysis/frames/triumph_des_willens/frame_057648.png,us,1.0,,Kevin
/home/kevin/Documents/Dev/ca-friend-foe-analysis/frames/triumph_des_willens/frame_057701.png,us,1.0,,Kevin
/home/kevin/Documents/Dev/ca-friend-foe-analysis/frames/triumph_des_willens/frame_057939.png,us,1.0,,Kevin
/home/kevin/Documents/Dev/ca-friend-foe-analysis/frames/triumph_des_willens/frame_058038.png,us,1.0,,Kevin
/home/kevin/Documents/Dev/ca-friend-foe-analysis/frames/triumph_des_willens/frame_058135.png,us,1.0,,Kevin
/home/kevin/Documents/Dev/ca-friend-foe-analysis/frames/triumph_des_willens/frame_058205.png,us,1.0,,Kevin
/home/kevin/Documents/Dev/ca-friend-foe-analysis/frames/triumph_des_willens/frame_058266.png,us,1.0,,Kevin
/home/kevin/Documents/Dev/ca-friend-foe-analysis/frames/triumph_des_willens/frame_058343.png,us,1.0,,Kevin
/home/kevin/Documents/Dev/ca-friend-foe-analysis/frames/triumph_des_willens/frame_058436.png,us,1.0,,Kevin
/home/kevin/Documents/Dev/ca-friend-foe-analysis/frames/triumph_des_willens/frame_059195.png,us,1.0,,Kevin
/home/kevin/Documents/Dev/ca-friend-foe-analysis/frames/triumph_des_willens/frame_059373.png,other,1.0,,Kevin
/home/kevin/Documents/Dev/ca-friend-foe-analysis/frames/triumph_des_willens/frame_059923.png,us,1.0,,Kevin
/home/kevin/Documents/Dev/ca-friend-foe-analysis/frames/triumph_des_willens/frame_061067.png,us,1.0,,Kevin
/home/kevin/Documents/Dev/ca-friend-foe-analysis/frames/triumph_des_willens/frame_061214.png,us,1.0,,Kevin
/home/kevin/Documents/Dev/ca-friend-foe-analysis/frames/triumph_des_willens/frame_061389.png,us,1.0,,Kevin
/home/kevin/Documents/Dev/ca-friend-foe-analysis/frames/triumph_des_willens/frame_061569.png,us,1.0,,Kevin
/home/kevin/Documents/Dev/ca-friend-foe-analysis/frames/triumph_des_willens/frame_062359.png,us,1.0,,Kevin
/home/kevin/Documents/Dev/ca-friend-foe-analysis/frames/triumph_des_willens/frame_062498.png,us,1.0,,Kevin
/home/kevin/Documents/Dev/ca-friend-foe-analysis/frames/triumph_des_willens/frame_062738.png,us,1.0,,Kevin
/home/kevin/Documents/Dev/ca-friend-foe-analysis/frames/triumph_des_willens/frame_062763.png,us,1.0,,Kevin
/home/kevin/Documents/Dev/ca-friend-foe-analysis/frames/triumph_des_willens/frame_064735.png,us,1.0,,Kevin
/home/kevin/Documents/Dev/ca-friend-foe-analysis/frames/triumph_des_willens/frame_064784.png,us,1.0,,Kevin
/home/kevin/Documents/Dev/ca-friend-foe-analysis/frames/triumph_des_willens/frame_064858.png,us,1.0,,Kevin
/home/kevin/Documents/Dev/ca-friend-foe-analysis/frames/triumph_des_willens/frame_065304.png,us,1.0,,Kevin
/home/kevin/Documents/Dev/ca-friend-foe-analysis/frames/triumph_des_willens/frame_065411.png,us,1.0,,Kevin
/home/kevin/Documents/Dev/ca-friend-foe-analysis/frames/triumph_des_willens/frame_065436.png,us,1.0,,Kevin
/home/kevin/Documents/Dev/ca-friend-foe-analysis/frames/triumph_des_willens/frame_065592.png,us,1.0,,Kevin
/home/kevin/Documents/Dev/ca-friend-foe-analysis/frames/triumph_des_willens/frame_065644.png,us,1.0,,Kevin
/home/kevin/Documents/Dev/ca-friend-foe-analysis/frames/triumph_des_willens/frame_065684.png,us,1.0,,Kevin
/home/kevin/Documents/Dev/ca-friend-foe-analysis/frames/triumph_des_willens/frame_065795.png,us,1.0,,Kevin
/home/kevin/Documents/Dev/ca-friend-foe-analysis/frames/triumph_des_willens/frame_065918.png,us,1.0,,Kevin
/home/kevin/Documents/Dev/ca-friend-foe-analysis/frames/triumph_des_willens/frame_065972.png,us,1.0,,Kevin
/home/kevin/Documents/Dev/ca-friend-foe-analysis/frames/triumph_des_willens/frame_066014.png,us,1.0,,Kevin
/home/kevin/Documents/Dev/ca-friend-foe-analysis/frames/triumph_des_willens/frame_066058.png,us,1.0,,Kevin
/home/kevin/Documents/Dev/ca-friend-foe-analysis/frames/triumph_des_willens/frame_066095.png,other,1.0,,Kevin
/home/kevin/Documents/Dev/ca-friend-foe-analysis/frames/triumph_des_willens/frame_066137.png,us,1.0,,Kevin
/home/kevin/Documents/Dev/ca-friend-foe-analysis/frames/triumph_des_willens/frame_066187.png,us,1.0,,Kevin
/home/kevin/Documents/Dev/ca-friend-foe-analysis/frames/triumph_des_willens/frame_066255.png,other,1.0,,Kevin
/home/kevin/Documents/Dev/ca-friend-foe-analysis/frames/triumph_des_willens/frame_066398.png,other,1.0,,Kevin
/home/kevin/Documents/Dev/ca-friend-foe-analysis/frames/triumph_des_willens/frame_066437.png,other,1.0,,Kevin
/home/kevin/Documents/Dev/ca-friend-foe-analysis/frames/triumph_des_willens/frame_066584.png,other,1.0,,Kevin
/home/kevin/Documents/Dev/ca-friend-foe-analysis/frames/triumph_des_willens/frame_066629.png,other,1.0,,Kevin
/home/kevin/Documents/Dev/ca-friend-foe-analysis/frames/triumph_des_willens/frame_066710.png,other,1.0,,Kevin
/home/kevin/Documents/Dev/ca-friend-foe-analysis/frames/triumph_des_willens/frame_066750.png,other,1.0,,Kevin
/home/kevin/Documents/Dev/ca-friend-foe-analysis/frames/triumph_des_willens/frame_066785.png,us,1.0,,Kevin
/home/kevin/Documents/Dev/ca-friend-foe-analysis/frames/triumph_des_willens/frame_066828.png,other,1.0,,Kevin
/home/kevin/Documents/Dev/ca-friend-foe-analysis/frames/triumph_des_willens/frame_066904.png,other,1.0,,Kevin
/home/kevin/Documents/Dev/ca-friend-foe-analysis/frames/triumph_des_willens/frame_066969.png,us,1.0,,Kevin
/home/kevin/Documents/Dev/ca-friend-foe-analysis/frames/triumph_des_willens/frame_067010.png,other,1.0,,Kevin
/home/kevin/Documents/Dev/ca-friend-foe-analysis/frames/triumph_des_willens/frame_067060.png,other,1.0,,Kevin
/home/kevin/Documents/Dev/ca-friend-foe-analysis/frames/triumph_des_willens/frame_067126.png,other,1.0,,Kevin
/home/kevin/Documents/Dev/ca-friend-foe-analysis/frames/triumph_des_willens/frame_067211.png,other,1.0,,Kevin
/home/kevin/Documents/Dev/ca-friend-foe-analysis/frames/triumph_des_willens/frame_067311.png,us,1.0,,Kevin
/home/kevin/Documents/Dev/ca-friend-foe-analysis/frames/triumph_des_willens/frame_067375.png,other,1.0,,Kevin
/home/kevin/Documents/Dev/ca-friend-foe-analysis/frames/triumph_des_willens/frame_067464.png,us,1.0,,Kevin
/home/kevin/Documents/Dev/ca-friend-foe-analysis/frames/triumph_des_willens/frame_067613.png,other,1.0,,Kevin
/home/kevin/Documents/Dev/ca-friend-foe-analysis/frames/triumph_des_willens/frame_067767.png,us,1.0,,Kevin
/home/kevin/Documents/Dev/ca-friend-foe-analysis/frames/triumph_des_willens/frame_067804.png,us,1.0,,Kevin
/home/kevin/Documents/Dev/ca-friend-foe-analysis/frames/triumph_des_willens/frame_067843.png,us,1.0,,Kevin
/home/kevin/Documents/Dev/ca-friend-foe-analysis/frames/triumph_des_willens/frame_067871.png,us,1.0,,Kevin
/home/kevin/Documents/Dev/ca-friend-foe-analysis/frames/triumph_des_willens/frame_067910.png,us,1.0,,Kevin
/home/kevin/Documents/Dev/ca-friend-foe-analysis/frames/triumph_des_willens/frame_067943.png,us,1.0,,Kevin
/home/kevin/Documents/Dev/ca-friend-foe-analysis/frames/triumph_des_willens/frame_067980.png,other,1.0,,Kevin
/home/kevin/Documents/Dev/ca-friend-foe-analysis/frames/triumph_des_willens/frame_068066.png,other,1.0,,Kevin
/home/kevin/Documents/Dev/ca-friend-foe-analysis/frames/triumph_des_willens/frame_068140.png,us,1.0,,Kevin
/home/kevin/Documents/Dev/ca-friend-foe-analysis/frames/triumph_des_willens/frame_068182.png,other,1.0,,Kevin
/home/kevin/Documents/Dev/ca-friend-foe-analysis/frames/triumph_des_willens/frame_068233.png,us,1.0,,Kevin
/home/kevin/Documents/Dev/ca-friend-foe-analysis/frames/triumph_des_willens/frame_068662.png,us,1.0,,Kevin
/home/kevin/Documents/Dev/ca-friend-foe-analysis/frames/triumph_des_willens/frame_068706.png,other,1.0,,Kevin
/home/kevin/Documents/Dev/ca-friend-foe-analysis/frames/triumph_des_willens/frame_068947.png,other,1.0,,Kevin
/home/kevin/Documents/Dev/ca-friend-foe-analysis/frames/triumph_des_willens/frame_069009.png,other,1.0,,Kevin
/home/kevin/Documents/Dev/ca-friend-foe-analysis/frames/triumph_des_willens/frame_069067.png,other,1.0,,Kevin
/home/kevin/Documents/Dev/ca-friend-foe-analysis/frames/triumph_des_willens/frame_069139.png,other,1.0,,Kevin
/home/kevin/Documents/Dev/ca-friend-foe-analysis/frames/triumph_des_willens/frame_069264.png,us,1.0,,Kevin
/home/kevin/Documents/Dev/ca-friend-foe-analysis/frames/triumph_des_willens/frame_069409.png,other,1.0,,Kevin
/home/kevin/Documents/Dev/ca-friend-foe-analysis/frames/triumph_des_willens/frame_069515.png,us,1.0,,Kevin
/home/kevin/Documents/Dev/ca-friend-foe-analysis/frames/triumph_des_willens/frame_069728.png,us,1.0,,Kevin
/home/kevin/Documents/Dev/ca-friend-foe-analysis/frames/triumph_des_willens/frame_069824.png,us,1.0,,Kevin
/home/kevin/Documents/Dev/ca-friend-foe-analysis/frames/triumph_des_willens/frame_069894.png,us,1.0,,Kevin
/home/kevin/Documents/Dev/ca-friend-foe-analysis/frames/triumph_des_willens/frame_069960.png,us,1.0,,Kevin
/home/kevin/Documents/Dev/ca-friend-foe-analysis/frames/triumph_des_willens/frame_070003.png,us,1.0,,Kevin
/home/kevin/Documents/Dev/ca-friend-foe-analysis/frames/triumph_des_willens/frame_070079.png,us,1.0,,Kevin
/home/kevin/Documents/Dev/ca-friend-foe-analysis/frames/triumph_des_willens/frame_070118.png,us,1.0,,Kevin
/home/kevin/Documents/Dev/ca-friend-foe-analysis/frames/triumph_des_willens/frame_070290.png,us,1.0,,Kevin
/home/kevin/Documents/Dev/ca-friend-foe-analysis/frames/triumph_des_willens/frame_070432.png,other,1.0,,Kevin
/home/kevin/Documents/Dev/ca-friend-foe-analysis/frames/triumph_des_willens/frame_070559.png,us,1.0,,Kevin
/home/kevin/Documents/Dev/ca-friend-foe-analysis/frames/triumph_des_willens/frame_070633.png,other,1.0,,Kevin
/home/kevin/Documents/Dev/ca-friend-foe-analysis/frames/triumph_des_willens/frame_070777.png,us,1.0,,Kevin
/home/kevin/Documents/Dev/ca-friend-foe-analysis/frames/triumph_des_willens/frame_070803.png,us,1.0,,Kevin
/home/kevin/Documents/Dev/ca-friend-foe-analysis/frames/triumph_des_willens/frame_070830.png,other,1.0,,Kevin
/home/kevin/Documents/Dev/ca-friend-foe-analysis/frames/triumph_des_willens/frame_071025.png,other,1.0,,Kevin
/home/kevin/Documents/Dev/ca-friend-foe-analysis/frames/triumph_des_willens/frame_071083.png,us,1.0,,Kevin
/home/kevin/Documents/Dev/ca-friend-foe-analysis/frames/triumph_des_willens/frame_071131.png,us,1.0,,Kevin
/home/kevin/Documents/Dev/ca-friend-foe-analysis/frames/triumph_des_willens/frame_071218.png,us,1.0,,Kevin
/home/kevin/Documents/Dev/ca-friend-foe-analysis/frames/triumph_des_willens/frame_071482.png,us,1.0,,Kevin
/home/kevin/Documents/Dev/ca-friend-foe-analysis/frames/triumph_des_willens/frame_071679.png,us,1.0,,Kevin
/home/kevin/Documents/Dev/ca-friend-foe-analysis/frames/triumph_des_willens/frame_071764.png,us,1.0,,Kevin
/home/kevin/Documents/Dev/ca-friend-foe-analysis/frames/triumph_des_willens/frame_071824.png,us,1.0,,Kevin
/home/kevin/Documents/Dev/ca-friend-foe-analysis/frames/triumph_des_willens/frame_071875.png,us,1.0,,Kevin
/home/kevin/Documents/Dev/ca-friend-foe-analysis/frames/triumph_des_willens/frame_071933.png,us,1.0,,Kevin
/home/kevin/Documents/Dev/ca-friend-foe-analysis/frames/triumph_des_willens/frame_072508.png,other,1.0,,Kevin
/home/kevin/Documents/Dev/ca-friend-foe-analysis/frames/triumph_des_willens/frame_072552.png,us,1.0,,Kevin
/home/kevin/Documents/Dev/ca-friend-foe-analysis/frames/triumph_des_willens/frame_072611.png,us,1.0,,Kevin
/home/kevin/Documents/Dev/ca-friend-foe-analysis/frames/triumph_des_willens/frame_072715.png,other,1.0,,Kevin
/home/kevin/Documents/Dev/ca-friend-foe-analysis/frames/triumph_des_willens/frame_073352.png,us,1.0,,Kevin
/home/kevin/Documents/Dev/ca-friend-foe-analysis/frames/triumph_des_willens/frame_073660.png,us,1.0,,Kevin
/home/kevin/Documents/Dev/ca-friend-foe-analysis/frames/triumph_des_willens/frame_073734.png,other,1.0,,Kevin
/home/kevin/Documents/Dev/ca-friend-foe-analysis/frames/triumph_des_willens/frame_073869.png,other,1.0,,Kevin
/home/kevin/Documents/Dev/ca-friend-foe-analysis/frames/triumph_des_willens/frame_074067.png,us,1.0,,Kevin
/home/kevin/Documents/Dev/ca-friend-foe-analysis/frames/triumph_des_willens/frame_074257.png,us,1.0,,Kevin
/home/kevin/Documents/Dev/ca-friend-foe-analysis/frames/triumph_des_willens/frame_074366.png,us,1.0,,Kevin
/home/kevin/Documents/Dev/ca-friend-foe-analysis/frames/triumph_des_willens/frame_074521.png,us,1.0,,Kevin
/home/kevin/Documents/Dev/ca-friend-foe-analysis/frames/triumph_des_willens/frame_074604.png,us,1.0,,Kevin
/home/kevin/Documents/Dev/ca-friend-foe-analysis/frames/triumph_des_willens/frame_074756.png,us,1.0,,Kevin
/home/kevin/Documents/Dev/ca-friend-foe-analysis/frames/triumph_des_willens/frame_074952.png,us,1.0,,Kevin
/home/kevin/Documents/Dev/ca-friend-foe-analysis/frames/triumph_des_willens/frame_075045.png,us,1.0,,Kevin
/home/kevin/Documents/Dev/ca-friend-foe-analysis/frames/triumph_des_willens/frame_075155.png,us,1.0,,Kevin
/home/kevin/Documents/Dev/ca-friend-foe-analysis/frames/triumph_des_willens/frame_075197.png,us,1.0,,Kevin
/home/kevin/Documents/Dev/ca-friend-foe-analysis/frames/triumph_des_willens/frame_075231.png,us,1.0,,Kevin
/home/kevin/Documents/Dev/ca-friend-foe-analysis/frames/triumph_des_willens/frame_075264.png,us,1.0,,Kevin
/home/kevin/Documents/Dev/ca-friend-foe-analysis/frames/triumph_des_willens/frame_075352.png,us,1.0,,Kevin
/home/kevin/Documents/Dev/ca-friend-foe-analysis/frames/triumph_des_willens/frame_075391.png,us,1.0,,Kevin
/home/kevin/Documents/Dev/ca-friend-foe-analysis/frames/triumph_des_willens/frame_075966.png,us,1.0,,Kevin
/home/kevin/Documents/Dev/ca-friend-foe-analysis/frames/triumph_des_willens/frame_076560.png,us,1.0,,Kevin
/home/kevin/Documents/Dev/ca-friend-foe-analysis/frames/triumph_des_willens/frame_077054.png,us,1.0,,Kevin
/home/kevin/Documents/Dev/ca-friend-foe-analysis/frames/triumph_des_willens/frame_077097.png,other,1.0,,Kevin
/home/kevin/Documents/Dev/ca-friend-foe-analysis/frames/triumph_des_willens/frame_077179.png,other,1.0,,Kevin
/home/kevin/Documents/Dev/ca-friend-foe-analysis/frames/triumph_des_willens/frame_077228.png,other,1.0,,Kevin
/home/kevin/Documents/Dev/ca-friend-foe-analysis/frames/triumph_des_willens/frame_077273.png,other,1.0,,Kevin
/home/kevin/Documents/Dev/ca-friend-foe-analysis/frames/triumph_des_willens/frame_077425.png,other,1.0,,Kevin
/home/kevin/Documents/Dev/ca-friend-foe-analysis/frames/triumph_des_willens/frame_077546.png,other,1.0,,Kevin
/home/kevin/Documents/Dev/ca-friend-foe-analysis/frames/triumph_des_willens/frame_077562.png,other,1.0,,Kevin
/home/kevin/Documents/Dev/ca-friend-foe-analysis/frames/triumph_des_willens/frame_077631.png,other,1.0,,Kevin
/home/kevin/Documents/Dev/ca-friend-foe-analysis/frames/triumph_des_willens/frame_077668.png,other,1.0,,Kevin
/home/kevin/Documents/Dev/ca-friend-foe-analysis/frames/triumph_des_willens/frame_077763.png,other,1.0,,Kevin
/home/kevin/Documents/Dev/ca-friend-foe-analysis/frames/triumph_des_willens/frame_077790.png,other,1.0,,Kevin
/home/kevin/Documents/Dev/ca-friend-foe-analysis/frames/triumph_des_willens/frame_077949.png,other,1.0,,Kevin
/home/kevin/Documents/Dev/ca-friend-foe-analysis/frames/triumph_des_willens/frame_078080.png,other,1.0,,Kevin
/home/kevin/Documents/Dev/ca-friend-foe-analysis/frames/triumph_des_willens/frame_078123.png,other,1.0,,Kevin
/home/kevin/Documents/Dev/ca-friend-foe-analysis/frames/triumph_des_willens/frame_078173.png,other,1.0,,Kevin
/home/kevin/Documents/Dev/ca-friend-foe-analysis/frames/triumph_des_willens/frame_079925.png,other,1.0,,Kevin
/home/kevin/Documents/Dev/ca-friend-foe-analysis/frames/triumph_des_willens/frame_079990.png,us,1.0,,Kevin
/home/kevin/Documents/Dev/ca-friend-foe-analysis/frames/triumph_des_willens/frame_080116.png,other,1.0,,Kevin
/home/kevin/Documents/Dev/ca-friend-foe-analysis/frames/triumph_des_willens/frame_080168.png,us,1.0,,Kevin
/home/kevin/Documents/Dev/ca-friend-foe-analysis/frames/triumph_des_willens/frame_080412.png,us,1.0,,Kevin
/home/kevin/Documents/Dev/ca-friend-foe-analysis/frames/triumph_des_willens/frame_080473.png,other,1.0,,Kevin
/home/kevin/Documents/Dev/ca-friend-foe-analysis/frames/triumph_des_willens/frame_080833.png,us,1.0,,Kevin
/home/kevin/Documents/Dev/ca-friend-foe-analysis/frames/triumph_des_willens/frame_081074.png,other,1.0,,Kevin
/home/kevin/Documents/Dev/ca-friend-foe-analysis/frames/triumph_des_willens/frame_081353.png,other,1.0,,Kevin
/home/kevin/Documents/Dev/ca-friend-foe-analysis/frames/triumph_des_willens/frame_083965.png,us,1.0,,Kevin
/home/kevin/Documents/Dev/ca-friend-foe-analysis/frames/triumph_des_willens/frame_084150.png,us,1.0,,Kevin
/home/kevin/Documents/Dev/ca-friend-foe-analysis/frames/triumph_des_willens/frame_085077.png,other,1.0,,Kevin
/home/kevin/Documents/Dev/ca-friend-foe-analysis/frames/triumph_des_willens/frame_085697.png,us,1.0,,Kevin
/home/kevin/Documents/Dev/ca-friend-foe-analysis/frames/triumph_des_willens/frame_087604.png,us,1.0,,Kevin
/home/kevin/Documents/Dev/ca-friend-foe-analysis/frames/triumph_des_willens/frame_088042.png,us,1.0,,Kevin
/home/kevin/Documents/Dev/ca-friend-foe-analysis/frames/triumph_des_willens/frame_089357.png,us,1.0,,Kevin
/home/kevin/Documents/Dev/ca-friend-foe-analysis/frames/triumph_des_willens/frame_089655.png,us,1.0,,Kevin
/home/kevin/Documents/Dev/ca-friend-foe-analysis/frames/triumph_des_willens/frame_090075.png,us,1.0,,Kevin
/home/kevin/Documents/Dev/ca-friend-foe-analysis/frames/triumph_des_willens/frame_091272.png,other,1.0,,Kevin
/home/kevin/Documents/Dev/ca-friend-foe-analysis/frames/triumph_des_willens/frame_091497.png,us,1.0,,Kevin
/home/kevin/Documents/Dev/ca-friend-foe-analysis/frames/triumph_des_willens/frame_092019.png,us,1.0,,Kevin
/home/kevin/Documents/Dev/ca-friend-foe-analysis/frames/triumph_des_willens/frame_093177.png,us,1.0,,Kevin
/home/kevin/Documents/Dev/ca-friend-foe-analysis/frames/triumph_des_willens/frame_093425.png,us,1.0,,Kevin
/home/kevin/Documents/Dev/ca-friend-foe-analysis/frames/triumph_des_willens/frame_095466.png,other,1.0,,Kevin
/home/kevin/Documents/Dev/ca-friend-foe-analysis/frames/triumph_des_willens/frame_095843.png,other,1.0,,Kevin
/home/kevin/Documents/Dev/ca-friend-foe-analysis/frames/triumph_des_willens/frame_095915.png,other,1.0,,Kevin
/home/kevin/Documents/Dev/ca-friend-foe-analysis/frames/triumph_des_willens/frame_096051.png,us,1.0,,Kevin
/home/kevin/Documents/Dev/ca-friend-foe-analysis/frames/triumph_des_willens/frame_096177.png,us,1.0,,Kevin
/home/kevin/Documents/Dev/ca-friend-foe-analysis/frames/triumph_des_willens/frame_096836.png,other,1.0,,Kevin
/home/kevin/Documents/Dev/ca-friend-foe-analysis/frames/triumph_des_willens/frame_097342.png,other,1.0,,Kevin
/home/kevin/Documents/Dev/ca-friend-foe-analysis/frames/triumph_des_willens/frame_097394.png,us,1.0,,Kevin
/home/kevin/Documents/Dev/ca-friend-foe-analysis/frames/triumph_des_willens/frame_097456.png,other,1.0,,Kevin
/home/kevin/Documents/Dev/ca-friend-foe-analysis/frames/triumph_des_willens/frame_097503.png,other,1.0,,Kevin
/home/kevin/Documents/Dev/ca-friend-foe-analysis/frames/triumph_des_willens/frame_097552.png,us,1.0,,Kevin
/home/kevin/Documents/Dev/ca-friend-foe-analysis/frames/triumph_des_willens/frame_097638.png,other,1.0,,Kevin
/home/kevin/Documents/Dev/ca-friend-foe-analysis/frames/triumph_des_willens/frame_097752.png,other,1.0,,Kevin
/home/kevin/Documents/Dev/ca-friend-foe-analysis/frames/triumph_des_willens/frame_098360.png,other,1.0,,Kevin
/home/kevin/Documents/Dev/ca-friend-foe-analysis/frames/triumph_des_willens/frame_098383.png,us,1.0,,Kevin
/home/kevin/Documents/Dev/ca-friend-foe-analysis/frames/triumph_des_willens/frame_098675.png,other,1.0,,Kevin
/home/kevin/Documents/Dev/ca-friend-foe-analysis/frames/triumph_des_willens/frame_098793.png,other,1.0,,Kevin
/home/kevin/Documents/Dev/ca-friend-foe-analysis/frames/triumph_des_willens/frame_099123.png,other,1.0,,Kevin
/home/kevin/Documents/Dev/ca-friend-foe-analysis/frames/triumph_des_willens/frame_100183.png,other,1.0,,Kevin
/home/kevin/Documents/Dev/ca-friend-foe-analysis/frames/triumph_des_willens/frame_100504.png,us,1.0,,Kevin
/home/kevin/Documents/Dev/ca-friend-foe-analysis/frames/triumph_des_willens/frame_100838.png,us,1.0,,Kevin
/home/kevin/Documents/Dev/ca-friend-foe-analysis/frames/triumph_des_willens/frame_101291.png,other,1.0,,Kevin
/home/kevin/Documents/Dev/ca-friend-foe-analysis/frames/triumph_des_willens/frame_101592.png,us,1.0,,Kevin
/home/kevin/Documents/Dev/ca-friend-foe-analysis/frames/triumph_des_willens/frame_101733.png,other,1.0,,Kevin
/home/kevin/Documents/Dev/ca-friend-foe-analysis/frames/triumph_des_willens/frame_102044.png,other,1.0,,Kevin
/home/kevin/Documents/Dev/ca-friend-foe-analysis/frames/triumph_des_willens/frame_102093.png,other,1.0,,Kevin
/home/kevin/Documents/Dev/ca-friend-foe-analysis/frames/triumph_des_willens/frame_102131.png,us,1.0,,Kevin
/home/kevin/Documents/Dev/ca-friend-foe-analysis/frames/triumph_des_willens/frame_102170.png,us,1.0,,Kevin
/home/kevin/Documents/Dev/ca-friend-foe-analysis/frames/triumph_des_willens/frame_102314.png,other,1.0,,Kevin
/home/kevin/Documents/Dev/ca-friend-foe-analysis/frames/triumph_des_willens/frame_102571.png,other,1.0,,Kevin
/home/kevin/Documents/Dev/ca-friend-foe-analysis/frames/triumph_des_willens/frame_102651.png,us,1.0,,Kevin
/home/kevin/Documents/Dev/ca-friend-foe-analysis/frames/triumph_des_willens/frame_102712.png,us,1.0,,Kevin
/home/kevin/Documents/Dev/ca-friend-foe-analysis/frames/triumph_des_willens/frame_102976.png,us,1.0,,Kevin
/home/kevin/Documents/Dev/ca-friend-foe-analysis/frames/triumph_des_willens/frame_103016.png,us,1.0,,Kevin
/home/kevin/Documents/Dev/ca-friend-foe-analysis/frames/triumph_des_willens/frame_103215.png,us,1.0,,Kevin
/home/kevin/Documents/Dev/ca-friend-foe-analysis/frames/triumph_des_willens/frame_103346.png,other,1.0,,Kevin
/home/kevin/Documents/Dev/ca-friend-foe-analysis/frames/triumph_des_willens/frame_103527.png,us,1.0,,Kevin
/home/kevin/Documents/Dev/ca-friend-foe-analysis/frames/triumph_des_willens/frame_103584.png,us,1.0,,Kevin
/home/kevin/Documents/Dev/ca-friend-foe-analysis/frames/triumph_des_willens/frame_103671.png,other,1.0,,Kevin
/home/kevin/Documents/Dev/ca-friend-foe-analysis/frames/triumph_des_willens/frame_103712.png,other,1.0,,Kevin
/home/kevin/Documents/Dev/ca-friend-foe-analysis/frames/triumph_des_willens/frame_104099.png,us,1.0,,Kevin
/home/kevin/Documents/Dev/ca-friend-foe-analysis/frames/triumph_des_willens/frame_104441.png,us,1.0,,Kevin
/home/kevin/Documents/Dev/ca-friend-foe-analysis/frames/triumph_des_willens/frame_104554.png,other,1.0,,Kevin
/home/kevin/Documents/Dev/ca-friend-foe-analysis/frames/triumph_des_willens/frame_104617.png,us,1.0,,Kevin
/home/kevin/Documents/Dev/ca-friend-foe-analysis/frames/triumph_des_willens/frame_105167.png,other,1.0,,Kevin
/home/kevin/Documents/Dev/ca-friend-foe-analysis/frames/triumph_des_willens/frame_105345.png,other,1.0,,Kevin
/home/kevin/Documents/Dev/ca-friend-foe-analysis/frames/triumph_des_willens/frame_105535.png,other,1.0,,Kevin
/home/kevin/Documents/Dev/ca-friend-foe-analysis/frames/triumph_des_willens/frame_106142.png,us,1.0,,Kevin
/home/kevin/Documents/Dev/ca-friend-foe-analysis/frames/triumph_des_willens/frame_106242.png,,1.0,,Kevin
/home/kevin/Documents/Dev/ca-friend-foe-analysis/frames/triumph_des_willens/frame_106609.png,us,1.0,,Kevin
/home/kevin/Documents/Dev/ca-friend-foe-analysis/frames/triumph_des_willens/frame_106782.png,us,1.0,,Kevin
/home/kevin/Documents/Dev/ca-friend-foe-analysis/frames/triumph_des_willens/frame_107189.png,other,1.0,,Kevin
/home/kevin/Documents/Dev/ca-friend-foe-analysis/frames/triumph_des_willens/frame_107857.png,us,1.0,,Kevin
/home/kevin/Documents/Dev/ca-friend-foe-analysis/frames/triumph_des_willens/frame_108033.png,other,1.0,,Kevin
/home/kevin/Documents/Dev/ca-friend-foe-analysis/frames/triumph_des_willens/frame_108132.png,other,1.0,,Kevin
/home/kevin/Documents/Dev/ca-friend-foe-analysis/frames/triumph_des_willens/frame_108322.png,other,1.0,,Kevin
/home/kevin/Documents/Dev/ca-friend-foe-analysis/frames/triumph_des_willens/frame_108753.png,us,1.0,,Kevin
/home/kevin/Documents/Dev/ca-friend-foe-analysis/frames/triumph_des_willens/frame_108822.png,other,1.0,,Kevin
/home/kevin/Documents/Dev/ca-friend-foe-analysis/frames/triumph_des_willens/frame_108982.png,us,1.0,,Kevin
/home/kevin/Documents/Dev/ca-friend-foe-analysis/frames/triumph_des_willens/frame_109026.png,us,1.0,,Kevin
/home/kevin/Documents/Dev/ca-friend-foe-analysis/frames/triumph_des_willens/frame_109253.png,us,1.0,,Kevin
/home/kevin/Documents/Dev/ca-friend-foe-analysis/frames/triumph_des_willens/frame_109500.png,other,1.0,,Kevin
/home/kevin/Documents/Dev/ca-friend-foe-analysis/frames/triumph_des_willens/frame_109533.png,other,1.0,,Kevin
/home/kevin/Documents/Dev/ca-friend-foe-analysis/frames/triumph_des_willens/frame_109589.png,us,1.0,,Kevin
/home/kevin/Documents/Dev/ca-friend-foe-analysis/frames/triumph_des_willens/frame_109628.png,us,1.0,,Kevin
/home/kevin/Documents/Dev/ca-friend-foe-analysis/frames/triumph_des_willens/frame_109695.png,us,1.0,,Kevin
/home/kevin/Documents/Dev/ca-friend-foe-analysis/frames/triumph_des_willens/frame_109731.png,us,1.0,,Kevin
/home/kevin/Documents/Dev/ca-friend-foe-analysis/frames/triumph_des_willens/frame_109809.png,us,1.0,,Kevin
/home/kevin/Documents/Dev/ca-friend-foe-analysis/frames/triumph_des_willens/frame_109846.png,us,1.0,,Kevin
/home/kevin/Documents/Dev/ca-friend-foe-analysis/frames/triumph_des_willens/frame_109934.png,us,1.0,,Kevin
/home/kevin/Documents/Dev/ca-friend-foe-analysis/frames/triumph_des_willens/frame_109971.png,us,1.0,,Kevin
/home/kevin/Documents/Dev/ca-friend-foe-analysis/frames/triumph_des_willens/frame_110025.png,us,1.0,,Kevin
/home/kevin/Documents/Dev/ca-friend-foe-analysis/frames/triumph_des_willens/frame_110075.png,us,1.0,,Kevin
/home/kevin/Documents/Dev/ca-friend-foe-analysis/frames/triumph_des_willens/frame_110185.png,other,1.0,,Kevin
/home/kevin/Documents/Dev/ca-friend-foe-analysis/frames/triumph_des_willens/frame_110268.png,other,1.0,,Kevin
/home/kevin/Documents/Dev/ca-friend-foe-analysis/frames/triumph_des_willens/frame_110337.png,us,1.0,,Kevin
/home/kevin/Documents/Dev/ca-friend-foe-analysis/frames/triumph_des_willens/frame_110428.png,us,1.0,,Kevin
/home/kevin/Documents/Dev/ca-friend-foe-analysis/frames/triumph_des_willens/frame_111407.png,other,1.0,,Kevin
/home/kevin/Documents/Dev/ca-friend-foe-analysis/frames/triumph_des_willens/frame_112264.png,other,1.0,,Kevin
/home/kevin/Documents/Dev/ca-friend-foe-analysis/frames/triumph_des_willens/frame_112509.png,other,1.0,,Kevin
/home/kevin/Documents/Dev/ca-friend-foe-analysis/frames/triumph_des_willens/frame_112644.png,other,1.0,,Kevin
/home/kevin/Documents/Dev/ca-friend-foe-analysis/frames/triumph_des_willens/frame_112748.png,other,1.0,,Kevin
/home/kevin/Documents/Dev/ca-friend-foe-analysis/frames/triumph_des_willens/frame_112974.png,other,1.0,,Kevin
/home/kevin/Documents/Dev/ca-friend-foe-analysis/frames/triumph_des_willens/frame_113100.png,other,1.0,,Kevin
/home/kevin/Documents/Dev/ca-friend-foe-analysis/frames/triumph_des_willens/frame_113183.png,other,1.0,,Kevin
/home/kevin/Documents/Dev/ca-friend-foe-analysis/frames/triumph_des_willens/frame_113396.png,other,1.0,,Kevin
/home/kevin/Documents/Dev/ca-friend-foe-analysis/frames/triumph_des_willens/frame_113458.png,us,1.0,,Kevin
/home/kevin/Documents/Dev/ca-friend-foe-analysis/frames/triumph_des_willens/frame_113552.png,other,1.0,,Kevin
/home/kevin/Documents/Dev/ca-friend-foe-analysis/frames/triumph_des_willens/frame_113602.png,other,1.0,,Kevin
/home/kevin/Documents/Dev/ca-friend-foe-analysis/frames/triumph_des_willens/frame_113685.png,other,1.0,,Kevin
/home/kevin/Documents/Dev/ca-friend-foe-analysis/frames/triumph_des_willens/frame_113769.png,us,1.0,,Kevin
/home/kevin/Documents/Dev/ca-friend-foe-analysis/frames/triumph_des_willens/frame_113966.png,other,1.0,,Kevin
/home/kevin/Documents/Dev/ca-friend-foe-analysis/frames/triumph_des_willens/frame_114036.png,other,1.0,,Kevin
/home/kevin/Documents/Dev/ca-friend-foe-analysis/frames/triumph_des_willens/frame_114408.png,other,1.0,,Kevin
/home/kevin/Documents/Dev/ca-friend-foe-analysis/frames/triumph_des_willens/frame_114518.png,us,1.0,,Kevin
/home/kevin/Documents/Dev/ca-friend-foe-analysis/frames/triumph_des_willens/frame_114623.png,other,1.0,,Kevin
/home/kevin/Documents/Dev/ca-friend-foe-analysis/frames/triumph_des_willens/frame_114710.png,us,1.0,,Kevin
/home/kevin/Documents/Dev/ca-friend-foe-analysis/frames/triumph_des_willens/frame_114778.png,us,1.0,,Kevin
/home/kevin/Documents/Dev/ca-friend-foe-analysis/frames/triumph_des_willens/frame_114828.png,us,1.0,,Kevin
/home/kevin/Documents/Dev/ca-friend-foe-analysis/frames/triumph_des_willens/frame_114894.png,other,1.0,,Kevin
/home/kevin/Documents/Dev/ca-friend-foe-analysis/frames/triumph_des_willens/frame_114927.png,other,1.0,,Kevin
/home/kevin/Documents/Dev/ca-friend-foe-analysis/frames/triumph_des_willens/frame_114977.png,us,1.0,,Kevin
/home/kevin/Documents/Dev/ca-friend-foe-analysis/frames/triumph_des_willens/frame_115015.png,us,1.0,,Kevin
/home/kevin/Documents/Dev/ca-friend-foe-analysis/frames/triumph_des_willens/frame_115125.png,us,1.0,,Kevin
/home/kevin/Documents/Dev/ca-friend-foe-analysis/frames/triumph_des_willens/frame_115210.png,us,1.0,,Kevin
/home/kevin/Documents/Dev/ca-friend-foe-analysis/frames/triumph_des_willens/frame_115446.png,us,1.0,,Kevin
/home/kevin/Documents/Dev/ca-friend-foe-analysis/frames/triumph_des_willens/frame_115585.png,us,1.0,,Kevin
/home/kevin/Documents/Dev/ca-friend-foe-analysis/frames/triumph_des_willens/frame_115633.png,us,1.0,,Kevin
/home/kevin/Documents/Dev/ca-friend-foe-analysis/frames/triumph_des_willens/frame_115664.png,us,1.0,,Kevin
/home/kevin/Documents/Dev/ca-friend-foe-analysis/frames/triumph_des_willens/frame_115740.png,us,1.0,,Kevin
/home/kevin/Documents/Dev/ca-friend-foe-analysis/frames/triumph_des_willens/frame_116375.png,other,1.0,,Kevin
/home/kevin/Documents/Dev/ca-friend-foe-analysis/frames/triumph_des_willens/frame_116449.png,us,1.0,,Kevin
/home/kevin/Documents/Dev/ca-friend-foe-analysis/frames/triumph_des_willens/frame_116602.png,other,1.0,,Kevin
/home/kevin/Documents/Dev/ca-friend-foe-analysis/frames/triumph_des_willens/frame_116724.png,us,1.0,,Kevin
/home/kevin/Documents/Dev/ca-friend-foe-analysis/frames/triumph_des_willens/frame_116865.png,other,1.0,,Kevin
/home/kevin/Documents/Dev/ca-friend-foe-analysis/frames/triumph_des_willens/frame_117318.png,us,1.0,,Kevin
/home/kevin/Documents/Dev/ca-friend-foe-analysis/frames/triumph_des_willens/frame_117366.png,us,1.0,,Kevin
/home/kevin/Documents/Dev/ca-friend-foe-analysis/frames/triumph_des_willens/frame_117398.png,us,1.0,,Kevin
/home/kevin/Documents/Dev/ca-friend-foe-analysis/frames/triumph_des_willens/frame_117668.png,us,1.0,,Kevin
/home/kevin/Documents/Dev/ca-friend-foe-analysis/frames/triumph_des_willens/frame_117700.png,us,1.0,,Kevin
/home/kevin/Documents/Dev/ca-friend-foe-analysis/frames/triumph_des_willens/frame_117757.png,us,1.0,,Kevin
/home/kevin/Documents/Dev/ca-friend-foe-analysis/frames/triumph_des_willens/frame_117838.png,us,1.0,,Kevin
/home/kevin/Documents/Dev/ca-friend-foe-analysis/frames/triumph_des_willens/frame_117937.png,us,1.0,,Kevin
/home/kevin/Documents/Dev/ca-friend-foe-analysis/frames/triumph_des_willens/frame_118130.png,other,1.0,,Kevin
/home/kevin/Documents/Dev/ca-friend-foe-analysis/frames/triumph_des_willens/frame_118177.png,other,1.0,,Kevin
/home/kevin/Documents/Dev/ca-friend-foe-analysis/frames/triumph_des_willens/frame_118317.png,other,1.0,,Kevin
/home/kevin/Documents/Dev/ca-friend-foe-analysis/frames/triumph_des_willens/frame_118497.png,us,1.0,,Kevin
/home/kevin/Documents/Dev/ca-friend-foe-analysis/frames/triumph_des_willens/frame_118607.png,us,1.0,,Kevin
/home/kevin/Documents/Dev/ca-friend-foe-analysis/frames/triumph_des_willens/frame_119026.png,us,1.0,,Kevin
/home/kevin/Documents/Dev/ca-friend-foe-analysis/frames/triumph_des_willens/frame_119082.png,us,1.0,,Kevin
/home/kevin/Documents/Dev/ca-friend-foe-analysis/frames/triumph_des_willens/frame_119301.png,other,1.0,,Kevin
/home/kevin/Documents/Dev/ca-friend-foe-analysis/frames/triumph_des_willens/frame_119557.png,other,1.0,,Kevin
/home/kevin/Documents/Dev/ca-friend-foe-analysis/frames/triumph_des_willens/frame_119763.png,us,1.0,,Kevin
/home/kevin/Documents/Dev/ca-friend-foe-analysis/frames/triumph_des_willens/frame_119863.png,us,1.0,,Kevin
/home/kevin/Documents/Dev/ca-friend-foe-analysis/frames/triumph_des_willens/frame_119912.png,us,1.0,,Kevin
/home/kevin/Documents/Dev/ca-friend-foe-analysis/frames/triumph_des_willens/frame_120001.png,us,1.0,,Kevin
/home/kevin/Documents/Dev/ca-friend-foe-analysis/frames/triumph_des_willens/frame_120048.png,us,1.0,,Kevin
/home/kevin/Documents/Dev/ca-friend-foe-analysis/frames/triumph_des_willens/frame_120135.png,us,1.0,,Kevin
/home/kevin/Documents/Dev/ca-friend-foe-analysis/frames/triumph_des_willens/frame_120677.png,other,1.0,,Kevin
/home/kevin/Documents/Dev/ca-friend-foe-analysis/frames/triumph_des_willens/frame_120816.png,us,1.0,,Kevin
/home/kevin/Documents/Dev/ca-friend-foe-analysis/frames/triumph_des_willens/frame_120889.png,us,1.0,,Kevin
/home/kevin/Documents/Dev/ca-friend-foe-analysis/frames/triumph_des_willens/frame_120919.png,us,1.0,,Kevin
/home/kevin/Documents/Dev/ca-friend-foe-analysis/frames/triumph_des_willens/frame_121187.png,other,1.0,,Kevin
/home/kevin/Documents/Dev/ca-friend-foe-analysis/frames/triumph_des_willens/frame_121375.png,other,1.0,,Kevin
/home/kevin/Documents/Dev/ca-friend-foe-analysis/frames/triumph_des_willens/frame_121488.png,other,1.0,,Kevin
/home/kevin/Documents/Dev/ca-friend-foe-analysis/frames/triumph_des_willens/frame_121558.png,other,1.0,,Kevin
/home/kevin/Documents/Dev/ca-friend-foe-analysis/frames/triumph_des_willens/frame_121636.png,us,1.0,,Kevin
/home/kevin/Documents/Dev/ca-friend-foe-analysis/frames/triumph_des_willens/frame_121750.png,us,1.0,,Kevin
/home/kevin/Documents/Dev/ca-friend-foe-analysis/frames/triumph_des_willens/frame_121996.png,other,1.0,,Kevin
/home/kevin/Documents/Dev/ca-friend-foe-analysis/frames/triumph_des_willens/frame_122138.png,other,1.0,,Kevin
/home/kevin/Documents/Dev/ca-friend-foe-analysis/frames/triumph_des_willens/frame_122460.png,us,1.0,,Kevin
/home/kevin/Documents/Dev/ca-friend-foe-analysis/frames/triumph_des_willens/frame_122654.png,other,1.0,,Kevin
/home/kevin/Documents/Dev/ca-friend-foe-analysis/frames/triumph_des_willens/frame_122705.png,us,1.0,,Kevin
/home/kevin/Documents/Dev/ca-friend-foe-analysis/frames/triumph_des_willens/frame_122895.png,us,1.0,,Kevin
/home/kevin/Documents/Dev/ca-friend-foe-analysis/frames/triumph_des_willens/frame_123039.png,us,1.0,,Kevin
/home/kevin/Documents/Dev/ca-friend-foe-analysis/frames/triumph_des_willens/frame_123145.png,other,1.0,,Kevin
/home/kevin/Documents/Dev/ca-friend-foe-analysis/frames/triumph_des_willens/frame_123196.png,us,1.0,,Kevin
/home/kevin/Documents/Dev/ca-friend-foe-analysis/frames/triumph_des_willens/frame_123382.png,other,1.0,,Kevin
/home/kevin/Documents/Dev/ca-friend-foe-analysis/frames/triumph_des_willens/frame_123625.png,other,1.0,,Kevin
/home/kevin/Documents/Dev/ca-friend-foe-analysis/frames/triumph_des_willens/frame_123725.png,us,1.0,,Kevin
/home/kevin/Documents/Dev/ca-friend-foe-analysis/frames/triumph_des_willens/frame_124004.png,other,1.0,,Kevin
/home/kevin/Documents/Dev/ca-friend-foe-analysis/frames/triumph_des_willens/frame_124092.png,other,1.0,,Kevin
/home/kevin/Documents/Dev/ca-friend-foe-analysis/frames/triumph_des_willens/frame_124234.png,other,1.0,,Kevin
/home/kevin/Documents/Dev/ca-friend-foe-analysis/frames/triumph_des_willens/frame_124433.png,other,1.0,,Kevin
/home/kevin/Documents/Dev/ca-friend-foe-analysis/frames/triumph_des_willens/frame_125559.png,other,1.0,,Kevin
/home/kevin/Documents/Dev/ca-friend-foe-analysis/frames/triumph_des_willens/frame_125830.png,other,1.0,,Kevin
/home/kevin/Documents/Dev/ca-friend-foe-analysis/frames/triumph_des_willens/frame_127363.png,other,1.0,,Kevin
/home/kevin/Documents/Dev/ca-friend-foe-analysis/frames/triumph_des_willens/frame_127478.png,other,1.0,,Kevin
/home/kevin/Documents/Dev/ca-friend-foe-analysis/frames/triumph_des_willens/frame_127589.png,other,1.0,,Kevin
/home/kevin/Documents/Dev/ca-friend-foe-analysis/frames/triumph_des_willens/frame_127641.png,us,1.0,,Kevin
/home/kevin/Documents/Dev/ca-friend-foe-analysis/frames/triumph_des_willens/frame_127785.png,us,1.0,,Kevin
/home/kevin/Documents/Dev/ca-friend-foe-analysis/frames/triumph_des_willens/frame_127967.png,us,1.0,,Kevin
/home/kevin/Documents/Dev/ca-friend-foe-analysis/frames/triumph_des_willens/frame_128134.png,other,1.0,,Kevin
/home/kevin/Documents/Dev/ca-friend-foe-analysis/frames/triumph_des_willens/frame_128261.png,us,1.0,,Kevin
/home/kevin/Documents/Dev/ca-friend-foe-analysis/frames/triumph_des_willens/frame_128385.png,other,1.0,,Kevin
/home/kevin/Documents/Dev/ca-friend-foe-analysis/frames/triumph_des_willens/frame_128589.png,us,1.0,,Kevin
/home/kevin/Documents/Dev/ca-friend-foe-analysis/frames/triumph_des_willens/frame_128881.png,other,1.0,,Kevin
/home/kevin/Documents/Dev/ca-friend-foe-analysis/frames/triumph_des_willens/frame_129008.png,us,1.0,,Kevin
/home/kevin/Documents/Dev/ca-friend-foe-analysis/frames/triumph_des_willens/frame_129165.png,other,1.0,,Kevin
/home/kevin/Documents/Dev/ca-friend-foe-analysis/frames/triumph_des_willens/frame_129211.png,us,1.0,,Kevin
/home/kevin/Documents/Dev/ca-friend-foe-analysis/frames/triumph_des_willens/frame_129588.png,us,1.0,,Kevin
/home/kevin/Documents/Dev/ca-friend-foe-analysis/frames/triumph_des_willens/frame_129694.png,other,1.0,,Kevin
/home/kevin/Documents/Dev/ca-friend-foe-analysis/frames/triumph_des_willens/frame_129947.png,other,1.0,,Kevin
/home/kevin/Documents/Dev/ca-friend-foe-analysis/frames/triumph_des_willens/frame_130366.png,us,1.0,,Kevin
/home/kevin/Documents/Dev/ca-friend-foe-analysis/frames/triumph_des_willens/frame_130532.png,other,1.0,,Kevin
/home/kevin/Documents/Dev/ca-friend-foe-analysis/frames/triumph_des_willens/frame_130597.png,other,1.0,,Kevin
/home/kevin/Documents/Dev/ca-friend-foe-analysis/frames/triumph_des_willens/frame_130754.png,other,1.0,,Kevin
/home/kevin/Documents/Dev/ca-friend-foe-analysis/frames/triumph_des_willens/frame_130806.png,us,1.0,,Kevin
/home/kevin/Documents/Dev/ca-friend-foe-analysis/frames/triumph_des_willens/frame_131019.png,other,1.0,,Kevin
/home/kevin/Documents/Dev/ca-friend-foe-analysis/frames/triumph_des_willens/frame_131142.png,other,1.0,,Kevin
/home/kevin/Documents/Dev/ca-friend-foe-analysis/frames/triumph_des_willens/frame_131346.png,other,1.0,,Kevin
/home/kevin/Documents/Dev/ca-friend-foe-analysis/frames/triumph_des_willens/frame_131398.png,us,1.0,,Kevin
/home/kevin/Documents/Dev/ca-friend-foe-analysis/frames/triumph_des_willens/frame_131480.png,us,1.0,,Kevin
/home/kevin/Documents/Dev/ca-friend-foe-analysis/frames/triumph_des_willens/frame_131535.png,us,1.0,,Kevin
/home/kevin/Documents/Dev/ca-friend-foe-analysis/frames/triumph_des_willens/frame_131670.png,us,1.0,,Kevin
/home/kevin/Documents/Dev/ca-friend-foe-analysis/frames/triumph_des_willens/frame_131799.png,us,1.0,,Kevin
/home/kevin/Documents/Dev/ca-friend-foe-analysis/frames/triumph_des_willens/frame_131848.png,us,1.0,,Kevin
/home/kevin/Documents/Dev/ca-friend-foe-analysis/frames/triumph_des_willens/frame_132023.png,other,1.0,,Kevin
/home/kevin/Documents/Dev/ca-friend-foe-analysis/frames/triumph_des_willens/frame_132172.png,us,1.0,,Kevin
/home/kevin/Documents/Dev/ca-friend-foe-analysis/frames/triumph_des_willens/frame_132823.png,us,1.0,,Kevin
/home/kevin/Documents/Dev/ca-friend-foe-analysis/frames/triumph_des_willens/frame_133159.png,other,1.0,,Kevin
/home/kevin/Documents/Dev/ca-friend-foe-analysis/frames/triumph_des_willens/frame_133240.png,us,1.0,,Kevin
/home/kevin/Documents/Dev/ca-friend-foe-analysis/frames/triumph_des_willens/frame_133324.png,other,1.0,,Kevin
/home/kevin/Documents/Dev/ca-friend-foe-analysis/frames/triumph_des_willens/frame_133385.png,us,1.0,,Kevin
/home/kevin/Documents/Dev/ca-friend-foe-analysis/frames/triumph_des_willens/frame_133741.png,us,1.0,,Kevin
/home/kevin/Documents/Dev/ca-friend-foe-analysis/frames/triumph_des_willens/frame_134123.png,other,1.0,,Kevin
/home/kevin/Documents/Dev/ca-friend-foe-analysis/frames/triumph_des_willens/frame_134400.png,other,1.0,,Kevin
/home/kevin/Documents/Dev/ca-friend-foe-analysis/frames/triumph_des_willens/frame_134638.png,other,1.0,,Kevin
/home/kevin/Documents/Dev/ca-friend-foe-analysis/frames/triumph_des_willens/frame_134703.png,other,1.0,,Kevin
/home/kevin/Documents/Dev/ca-friend-foe-analysis/frames/triumph_des_willens/frame_134832.png,other,1.0,,Kevin
/home/kevin/Documents/Dev/ca-friend-foe-analysis/frames/triumph_des_willens/frame_135124.png,other,1.0,,Kevin
/home/kevin/Documents/Dev/ca-friend-foe-analysis/frames/triumph_des_willens/frame_135203.png,us,1.0,,Kevin
/home/kevin/Documents/Dev/ca-friend-foe-analysis/frames/triumph_des_willens/frame_138234.png,other,1.0,,Kevin
/home/kevin/Documents/Dev/ca-friend-foe-analysis/frames/triumph_des_willens/frame_138407.png,other,1.0,,Kevin
/home/kevin/Documents/Dev/ca-friend-foe-analysis/frames/triumph_des_willens/frame_138601.png,us,1.0,,Kevin
/home/kevin/Documents/Dev/ca-friend-foe-analysis/frames/triumph_des_willens/frame_138718.png,other,1.0,,Kevin
/home/kevin/Documents/Dev/ca-friend-foe-analysis/frames/triumph_des_willens/frame_138754.png,us,1.0,,Kevin
/home/kevin/Documents/Dev/ca-friend-foe-analysis/frames/triumph_des_willens/frame_138788.png,other,1.0,,Kevin
/home/kevin/Documents/Dev/ca-friend-foe-analysis/frames/triumph_des_willens/frame_138928.png,us,1.0,,Kevin
/home/kevin/Documents/Dev/ca-friend-foe-analysis/frames/triumph_des_willens/frame_139128.png,other,1.0,,Kevin
/home/kevin/Documents/Dev/ca-friend-foe-analysis/frames/triumph_des_willens/frame_139826.png,other,1.0,,Kevin
/home/kevin/Documents/Dev/ca-friend-foe-analysis/frames/triumph_des_willens/frame_139926.png,us,1.0,,Kevin
/home/kevin/Documents/Dev/ca-friend-foe-analysis/frames/triumph_des_willens/frame_140223.png,us,1.0,,Kevin
/home/kevin/Documents/Dev/ca-friend-foe-analysis/frames/triumph_des_willens/frame_141512.png,other,1.0,,Kevin
/home/kevin/Documents/Dev/ca-friend-foe-analysis/frames/triumph_des_willens/frame_141716.png,other,1.0,,Kevin
/home/kevin/Documents/Dev/ca-friend-foe-analysis/frames/triumph_des_willens/frame_141862.png,other,1.0,,Kevin
/home/kevin/Documents/Dev/ca-friend-foe-analysis/frames/triumph_des_willens/frame_142099.png,other,1.0,,Kevin
/home/kevin/Documents/Dev/ca-friend-foe-analysis/frames/triumph_des_willens/frame_142126.png,us,1.0,,Kevin
/home/kevin/Documents/Dev/ca-friend-foe-analysis/frames/triumph_des_willens/frame_143094.png,us,1.0,,Kevin
/home/kevin/Documents/Dev/ca-friend-foe-analysis/frames/triumph_des_willens/frame_143536.png,other,1.0,,Kevin
/home/kevin/Documents/Dev/ca-friend-foe-analysis/frames/triumph_des_willens/frame_143653.png,us,1.0,,Kevin
/home/kevin/Documents/Dev/ca-friend-foe-analysis/frames/triumph_des_willens/frame_143709.png,us,1.0,,Kevin
/home/kevin/Documents/Dev/ca-friend-foe-analysis/frames/triumph_des_willens/frame_143758.png,us,1.0,,Kevin
/home/kevin/Documents/Dev/ca-friend-foe-analysis/frames/triumph_des_willens/frame_143815.png,us,1.0,,Kevin
/home/kevin/Documents/Dev/ca-friend-foe-analysis/frames/triumph_des_willens/frame_143878.png,us,1.0,,Kevin
/home/kevin/Documents/Dev/ca-friend-foe-analysis/frames/triumph_des_willens/frame_143972.png,us,1.0,,Kevin
/home/kevin/Documents/Dev/ca-friend-foe-analysis/frames/triumph_des_willens/frame_144024.png,us,1.0,,Kevin
/home/kevin/Documents/Dev/ca-friend-foe-analysis/frames/triumph_des_willens/frame_144068.png,us,1.0,,Kevin
/home/kevin/Documents/Dev/ca-friend-foe-analysis/frames/triumph_des_willens/frame_144153.png,us,1.0,,Kevin
/home/kevin/Documents/Dev/ca-friend-foe-analysis/frames/triumph_des_willens/frame_144402.png,other,1.0,,Kevin
/home/kevin/Documents/Dev/ca-friend-foe-analysis/frames/triumph_des_willens/frame_145047.png,us,1.0,,Kevin
/home/kevin/Documents/Dev/ca-friend-foe-analysis/frames/triumph_des_willens/frame_145153.png,us,1.0,,Kevin
/home/kevin/Documents/Dev/ca-friend-foe-analysis/frames/triumph_des_willens/frame_145864.png,us,1.0,,Kevin
/home/kevin/Documents/Dev/ca-friend-foe-analysis/frames/triumph_des_willens/frame_145946.png,us,1.0,,Kevin
/home/kevin/Documents/Dev/ca-friend-foe-analysis/frames/triumph_des_willens/frame_146028.png,us,1.0,,Kevin
/home/kevin/Documents/Dev/ca-friend-foe-analysis/frames/triumph_des_willens/frame_146093.png,us,1.0,,Kevin
/home/kevin/Documents/Dev/ca-friend-foe-analysis/frames/triumph_des_willens/frame_146181.png,us,1.0,,Kevin
/home/kevin/Documents/Dev/ca-friend-foe-analysis/frames/triumph_des_willens/frame_146368.png,us,1.0,,Kevin
/home/kevin/Documents/Dev/ca-friend-foe-analysis/frames/triumph_des_willens/frame_146948.png,us,1.0,,Kevin
/home/kevin/Documents/Dev/ca-friend-foe-analysis/frames/triumph_des_willens/frame_147173.png,other,1.0,,Kevin
/home/kevin/Documents/Dev/ca-friend-foe-analysis/frames/triumph_des_willens/frame_147654.png,us,1.0,,Kevin
/home/kevin/Documents/Dev/ca-friend-foe-analysis/frames/triumph_des_willens/frame_147976.png,other,1.0,,Kevin
/home/kevin/Documents/Dev/ca-friend-foe-analysis/frames/triumph_des_willens/frame_148167.png,us,1.0,,Kevin
/home/kevin/Documents/Dev/ca-friend-foe-analysis/frames/triumph_des_willens/frame_148573.png,us,1.0,,Kevin
/home/kevin/Documents/Dev/ca-friend-foe-analysis/frames/triumph_des_willens/frame_149055.png,us,1.0,,Kevin
/home/kevin/Documents/Dev/ca-friend-foe-analysis/frames/triumph_des_willens/frame_149211.png,us,1.0,,Kevin
/home/kevin/Documents/Dev/ca-friend-foe-analysis/frames/triumph_des_willens/frame_149577.png,us,1.0,,Kevin
/home/kevin/Documents/Dev/ca-friend-foe-analysis/frames/triumph_des_willens/frame_149898.png,other,1.0,,Kevin
/home/kevin/Documents/Dev/ca-friend-foe-analysis/frames/triumph_des_willens/frame_150132.png,us,1.0,,Kevin
/home/kevin/Documents/Dev/ca-friend-foe-analysis/frames/triumph_des_willens/frame_150854.png,us,1.0,,Kevin
/home/kevin/Documents/Dev/ca-friend-foe-analysis/frames/triumph_des_willens/frame_151193.png,us,1.0,,Kevin
/home/kevin/Documents/Dev/ca-friend-foe-analysis/frames/triumph_des_willens/frame_151390.png,other,1.0,,Kevin
/home/kevin/Documents/Dev/ca-friend-foe-analysis/frames/triumph_des_willens/frame_151475.png,us,1.0,,Kevin
/home/kevin/Documents/Dev/ca-friend-foe-analysis/frames/triumph_des_willens/frame_151630.png,other,1.0,,Kevin
/home/kevin/Documents/Dev/ca-friend-foe-analysis/frames/triumph_des_willens/frame_151698.png,us,1.0,,Kevin
/home/kevin/Documents/Dev/ca-friend-foe-analysis/frames/triumph_des_willens/frame_151762.png,other,1.0,,Kevin
/home/kevin/Documents/Dev/ca-friend-foe-analysis/frames/triumph_des_willens/frame_151859.png,us,1.0,,Kevin
/home/kevin/Documents/Dev/ca-friend-foe-analysis/frames/triumph_des_willens/frame_152229.png,us,1.0,,Kevin
/home/kevin/Documents/Dev/ca-friend-foe-analysis/frames/triumph_des_willens/frame_152600.png,us,1.0,,Kevin
/home/kevin/Documents/Dev/ca-friend-foe-analysis/frames/triumph_des_willens/frame_153302.png,us,1.0,,Kevin
/home/kevin/Documents/Dev/ca-friend-foe-analysis/frames/triumph_des_willens/frame_153751.png,us,1.0,,Kevin
/home/kevin/Documents/Dev/ca-friend-foe-analysis/frames/triumph_des_willens/frame_153804.png,us,1.0,,Kevin
/home/kevin/Documents/Dev/ca-friend-foe-analysis/frames/triumph_des_willens/frame_154340.png,us,1.0,,Kevin
/home/kevin/Documents/Dev/ca-friend-foe-analysis/frames/triumph_des_willens/frame_154760.png,us,1.0,,Kevin
/home/kevin/Documents/Dev/ca-friend-foe-analysis/frames/triumph_des_willens/frame_154838.png,other,1.0,,Kevin
/home/kevin/Documents/Dev/ca-friend-foe-analysis/frames/triumph_des_willens/frame_155112.png,us,1.0,,Kevin
/home/kevin/Documents/Dev/ca-friend-foe-analysis/frames/triumph_des_willens/frame_155669.png,us,1.0,,Kevin
/home/kevin/Documents/Dev/ca-friend-foe-analysis/frames/triumph_des_willens/frame_156148.png,us,1.0,,Kevin
/home/kevin/Documents/Dev/ca-friend-foe-analysis/frames/triumph_des_willens/frame_156318.png,us,1.0,,Kevin
/home/kevin/Documents/Dev/ca-friend-foe-analysis/frames/triumph_des_willens/frame_156362.png,us,1.0,,Kevin
/home/kevin/Documents/Dev/ca-friend-foe-analysis/frames/triumph_des_willens/frame_157370.png,us,1.0,,Kevin
/home/kevin/Documents/Dev/ca-friend-foe-analysis/frames/triumph_des_willens/frame_157673.png,us,1.0,,Kevin
